PayId,HourlyRate,MonthlyRate,MonthlyIncome,DailyRate,OverTime,PercentSalaryHike
1,94,19479,5993,1102,Yes,11
2,61,24907,5130,279,"No ",23
3,92,2396,2090,1373,Yes,15
4,56,23159,2909,1392,Yes,11
5,40,16632,3468,591,"No ",12
6,79,11864,3068,1005,"No ",13
7,81,9964,2670,1324,Yes,20
8,67,13335,2693,1358,"No ",22
9,44,8787,9526,216,"No ",21
10,94,16577,5237,1299,"No ",13
11,84,16479,2426,809,"No ",13
12,49,12682,4193,153,Yes,12
13,31,15170,2911,670,"No ",17
14,93,8758,2661,1346,"No ",11
15,50,12947,2028,103,Yes,14
16,51,10195,9980,1389,"No ",11
17,80,15053,3298,334,Yes,12
18,96,7324,2935,1123,Yes,13
19,78,22021,15427,1219,"No ",16
20,45,4306,3944,371,Yes,11
21,96,8232,4011,673,"No ",18
22,82,6986,3407,1218,"No ",23
23,53,21293,11994,419,"No ",11
24,96,19281,1232,391,"No ",14
25,83,17102,2960,699,"No ",11
26,58,10735,19094,1282,"No ",11
27,72,4681,3919,1125,Yes,22
28,48,21173,6825,691,"No ",11
29,42,2094,10248,477,"No ",14
30,83,22822,18947,705,"No ",12
31,78,6670,2496,924,"No ",11
32,41,19121,6465,1459,Yes,13
33,83,16117,2206,125,"No ",13
34,56,3335,2086,895,"No ",14
35,61,3020,2293,813,Yes,16
36,72,21923,2645,1273,"No ",12
37,86,3810,2683,869,Yes,14
38,97,9687,2014,890,"No ",13
39,82,13072,3419,852,Yes,14
40,42,3193,5376,1141,"No ",19
41,75,10910,1951,464,"No ",12
42,33,19715,2341,1240,"No ",13
43,48,10558,2293,1357,"No ",12
44,37,2975,8726,994,"No ",15
45,58,10781,4011,721,"No ",23
46,49,16280,19545,1360,"No ",12
47,72,10034,4568,1065,"No ",20
48,73,10227,3022,408,"No ",21
49,98,20445,5772,1211,Yes,21
50,36,4892,2269,1229,"No ",19
51,98,19294,5381,626,Yes,13
52,50,11179,3441,1434,Yes,13
53,75,4009,5454,1488,Yes,21
54,79,8302,9884,1097,Yes,13
55,47,21436,4157,1443,Yes,19
56,98,15146,13458,515,Yes,12
57,71,11031,9069,853,"No ",22
58,30,16002,4014,1142,Yes,15
59,48,9528,5915,655,"No ",22
60,51,2689,5993,1115,"No ",18
61,33,10877,6162,427,Yes,22
62,50,5456,2406,653,"No ",11
63,43,16701,18740,989,Yes,12
64,99,2354,7637,1435,"No ",11
65,59,8202,10096,1223,"No ",13
66,33,19730,14756,836,Yes,14
67,95,22656,6499,1195,"No ",13
68,59,18787,9724,1339,"No ",17
69,79,5868,2194,664,"No ",13
70,79,21777,3388,318,Yes,17
71,57,24668,5473,1225,"No ",11
72,76,4956,2703,1328,"No ",23
73,87,18775,2501,1082,"No ",17
74,66,7346,6220,548,"No ",17
75,55,22002,3038,132,"No ",12
76,61,20682,4424,746,"No ",23
77,32,23016,4312,776,"No ",14
78,52,15067,13245,193,Yes,14
79,30,25258,13664,397,"No ",13
80,80,10425,5021,945,Yes,22
81,55,15998,5126,852,Yes,12
82,30,26278,2859,1214,"No ",18
83,70,18092,10239,111,"No ",14
84,79,15717,5329,573,Yes,12
85,94,17736,4325,1153,"No ",15
86,49,21698,7260,1400,"No ",11
87,62,9518,2322,541,"No ",13
88,96,18725,2075,432,"No ",23
89,99,15830,4152,288,"No ",19
90,64,13596,9619,669,"No ",16
91,78,14115,13503,530,"No ",22
92,71,8423,5441,632,Yes,22
93,63,19760,5209,1334,Yes,12
94,40,3142,10673,638,Yes,13
95,87,24301,5010,1093,"No ",16
96,60,24001,13549,1217,"No ",12
97,33,17519,4999,1353,"No ",21
98,43,8863,4221,120,"No ",15
99,37,24409,13872,682,"No ",13
100,67,25043,2042,489,"No ",12
101,63,23648,2073,807,Yes,22
102,71,15178,2956,827,"No ",13
103,66,19783,2926,871,Yes,18
104,41,12482,4809,665,"No ",14
105,100,15850,5163,1040,"No ",14
106,32,21922,18844,1420,"No ",21
107,73,9755,18172,1115,Yes,19
108,46,26959,5744,240,Yes,11
109,64,26897,2889,1280,"No ",11
110,59,23785,2871,534,"No ",15
111,30,25796,7484,1456,"No ",20
112,66,22887,6074,658,Yes,24
113,30,13871,17328,142,Yes,12
114,52,13257,2774,1127,"No ",12
115,45,15000,4505,1031,"No ",15
116,87,14506,7428,1189,"No ",12
117,45,5615,11631,1354,"No ",12
118,92,22952,9738,1467,"No ",14
119,39,2561,2835,922,"No ",22
120,92,19494,16959,394,Yes,12
121,96,22310,2613,1312,"No ",25
122,95,15480,6146,750,"No ",13
123,72,4510,4963,441,Yes,18
124,51,6462,19537,684,"No ",13
125,76,20739,6172,249,Yes,18
126,46,23300,2368,841,"No ",19
127,94,3465,10312,147,"No ",12
128,50,26820,1675,528,Yes,19
129,100,19299,2523,594,"No ",14
130,96,5549,6567,470,"No ",14
131,72,16090,4739,957,"No ",12
132,77,6645,9208,809,"No ",11
133,71,24788,4559,542,Yes,11
134,96,21196,8189,802,Yes,13
135,61,8916,2942,1355,"No ",23
136,84,2819,4941,216,"No ",20
137,53,25150,10650,1150,"No ",15
138,47,14590,5902,1329,"No ",14
139,41,24835,8639,959,"No ",18
140,48,13982,6347,1240,Yes,19
141,41,10224,4200,1033,"No ",22
142,83,9752,3452,1316,"No ",13
143,32,2302,4317,364,Yes,20
144,75,23910,2632,438,"No ",14
145,35,22812,4668,689,"No ",17
146,84,10415,3204,201,"No ",14
147,35,11162,2720,1427,"No ",13
148,91,12888,17181,857,"No ",13
149,94,6961,2238,933,"No ",21
150,79,16102,1483,1181,"No ",14
151,54,8504,5605,1395,"No ",11
152,94,11439,7295,662,"No ",13
153,34,16047,2306,1436,Yes,20
154,60,10901,2348,194,"No ",18
155,43,15589,8998,967,"No ",14
156,41,26283,4319,1496,"No ",13
157,34,13983,6132,1169,"No ",17
158,75,11873,3346,1145,Yes,20
159,67,8552,10855,630,"No ",11
160,75,11314,2231,303,"No ",18
161,80,11992,2323,1256,"No ",24
162,57,5970,2024,691,"No ",18
163,42,6672,2713,440,"No ",11
164,83,23402,9439,334,Yes,16
165,79,25326,2566,1450,Yes,15
166,53,17053,19926,1452,"No ",15
167,56,4609,2451,465,"No ",12
168,41,8053,9419,1339,"No ",12
169,59,12930,8686,702,"No ",22
170,43,12430,3038,120,"No ",20
171,51,13364,3058,1157,Yes,16
172,100,20989,2325,602,"No ",21
173,30,15062,2088,1480,"No ",12
174,66,11012,3072,111,"No ",11
175,30,6319,5006,1268,Yes,11
176,67,13939,4257,713,Yes,18
177,90,10515,2500,134,"No ",14
178,47,9241,1102,303,"No ",22
179,92,2137,10453,526,"No ",25
180,75,6319,2288,1380,"No ",12
181,95,6984,3929,140,Yes,23
182,95,5711,2311,629,"No ",15
183,70,21728,3140,1356,Yes,22
184,86,3425,3690,328,"No ",15
185,57,26250,4450,1084,"No ",11
186,72,4673,2756,931,"No ",13
187,46,6499,19033,989,"No ",14
188,61,13339,18722,692,"No ",11
189,45,14074,9547,1069,"No ",17
190,98,7192,13734,313,"No ",18
191,65,5678,19999,699,"No ",14
192,99,11781,2279,894,"No ",16
193,50,15497,5916,556,Yes,13
194,37,5228,2089,1344,"No ",14
195,65,20462,16792,1195,"No ",23
196,65,22977,3564,290,Yes,12
197,37,15986,4425,138,"No ",11
198,36,16439,5265,926,"No ",16
199,88,7259,6553,1261,"No ",14
200,54,4185,6261,1084,"No ",18
201,60,9679,4298,472,"No ",19
202,92,23793,6804,1002,Yes,15
203,43,5972,3815,878,Yes,17
204,99,16523,2741,905,Yes,15
205,70,11354,6673,1180,Yes,19
206,35,24525,7639,121,"No ",22
207,60,12392,2328,1136,Yes,16
208,73,7703,2153,635,"No ",13
209,63,14242,4876,1151,"No ",14
210,97,12368,9396,644,"No ",16
211,32,25812,10400,1045,"No ",11
212,88,20925,8474,829,"No ",22
213,90,12916,9981,1242,"No ",14
214,81,15736,12490,1469,"No ",16
215,88,8556,2657,1005,Yes,11
216,75,14674,13591,896,Yes,18
217,52,22967,6696,334,"No ",15
218,85,19757,2058,992,"No ",14
219,57,16840,8865,1052,"No ",12
220,52,17011,5940,1147,"No ",14
221,62,9945,5914,1396,"No ",16
222,47,13248,2622,147,"No ",21
223,47,10056,12185,663,Yes,14
224,76,9647,10609,119,"No ",12
225,90,4381,4345,979,"No ",12
226,70,8456,2177,142,"No ",17
227,41,2539,2793,319,"No ",17
228,42,6599,7918,1413,"No ",14
229,92,9096,8789,944,"No ",14
230,86,14961,2389,896,Yes,13
231,89,3300,3212,1323,"No ",15
232,58,4933,19232,532,"No ",11
233,52,25657,2267,818,"No ",17
234,68,24118,19517,854,"No ",11
235,58,22149,2436,813,Yes,13
236,80,7744,16064,1034,Yes,22
237,39,21509,2707,465,"No ",20
238,79,21030,19068,771,Yes,18
239,56,20990,3931,1401,"No ",11
240,62,9571,3730,515,Yes,14
241,96,15417,2232,1431,"No ",14
242,100,12069,4465,976,"No ",18
243,36,19877,3072,1411,"No ",16
244,62,24447,3319,1300,"No ",17
245,70,15970,19202,252,"No ",11
246,73,13523,13675,1327,"No ",12
247,63,14776,2911,832,"No ",13
248,84,23687,5957,470,"No ",13
249,83,18697,3920,1017,"No ",14
250,77,5118,6434,1199,"No ",17
251,61,22573,10048,504,"No ",11
252,64,6420,10938,505,"No ",25
253,60,22673,2340,665,"No ",19
254,82,23016,6545,916,Yes,13
255,45,10732,6931,1247,"No ",14
256,62,7505,4898,685,"No ",12
257,56,8007,2593,269,Yes,11
258,49,5949,19436,1416,"No ",19
259,96,23231,2723,833,"No ",11
260,71,11652,3479,307,"No ",11
261,100,26062,2794,1311,"No ",20
262,39,19682,5249,1327,"No ",18
263,84,19737,2176,128,"No ",13
264,75,14977,16872,488,Yes,12
265,79,14935,3485,529,"No ",11
266,78,3687,6644,1210,"No ",19
267,64,14408,5582,1463,"No ",21
268,85,18384,4000,675,"No ",12
269,79,7501,13496,1385,Yes,14
270,47,20251,3210,1403,"No ",11
271,81,18938,19045,452,Yes,14
272,88,10268,11849,666,Yes,12
273,94,2613,2070,1158,"No ",23
274,98,22825,6502,228,"No ",14
275,100,10531,3230,996,"No ",17
276,80,11677,13603,728,Yes,18
277,71,19100,11996,1315,"No ",18
278,44,19191,5605,322,Yes,24
279,84,26767,6397,1479,"No ",20
280,96,15815,19144,797,"No ",14
281,45,21016,17584,1070,Yes,16
282,99,24532,4907,635,"No ",25
283,44,20260,4554,442,"No ",18
284,37,15972,5415,147,Yes,19
285,60,22722,4741,496,Yes,13
286,42,15881,2115,1372,"No ",12
287,43,19920,3161,920,Yes,22
288,82,18899,5745,688,"No ",14
289,45,14180,2373,1449,Yes,13
290,66,4488,3310,1117,"No ",21
291,35,25594,18665,636,Yes,11
292,30,26285,4485,506,"No ",12
293,84,3909,2789,444,"No ",11
294,48,8450,5828,950,Yes,12
295,53,11411,2326,889,Yes,12
296,77,14864,13525,555,"No ",14
297,54,25233,1420,230,"No ",13
298,96,5100,8020,1232,"No ",15
299,81,7122,3688,566,"No ",18
300,84,16321,5482,1302,"No ",18
301,88,15896,16015,334,"No ",19
302,69,9724,1200,812,"No ",12
303,68,4824,5661,1476,"No ",19
304,100,12241,6929,218,"No ",11
305,48,10942,9613,1132,"No ",17
306,47,6927,5674,1105,"No ",15
307,91,16985,5484,906,"No ",14
308,81,26707,12061,849,"No ",17
309,32,17056,5660,390,Yes,13
310,86,10077,4821,691,Yes,12
311,62,17822,6410,106,"No ",12
312,97,20308,5210,1249,"No ",18
313,32,7747,2695,192,Yes,18
314,74,23364,11878,553,"No ",11
315,99,5355,17068,117,Yes,14
316,33,10675,2455,185,"No ",19
317,90,17810,13964,1091,Yes,12
318,85,17747,4941,723,"No ",15
319,85,20938,2478,1220,Yes,12
320,65,24624,5228,588,Yes,11
321,74,5242,4478,1377,Yes,11
322,73,7143,7547,691,"No ",12
323,74,10557,5055,1018,"No ",16
324,84,24737,3464,1157,Yes,13
325,64,11934,5775,1275,"No ",13
326,48,14034,8943,798,"No ",24
327,54,21141,19272,672,"No ",15
328,41,17778,5238,1162,Yes,18
329,46,4317,4682,508,"No ",14
330,42,16375,18300,1482,"No ",11
331,82,6227,5257,559,"No ",11
332,73,22107,6349,210,Yes,13
333,31,16885,4869,928,"No ",12
334,43,9262,9985,1001,"No ",16
335,75,9278,3697,549,"No ",14
336,57,13273,7457,1124,Yes,22
337,77,4759,2119,318,Yes,11
338,30,7621,3983,738,"No ",17
339,30,5431,6118,570,"No ",13
340,56,3415,6214,1130,"No ",18
341,61,23177,6347,1192,"No ",16
342,92,15682,11510,343,Yes,14
343,39,25713,7143,1232,Yes,14
344,39,11866,8268,144,Yes,14
345,62,18264,8095,1296,"No ",13
346,83,16092,2904,1309,"No ",12
347,95,10110,6032,483,Yes,15
348,99,25751,2976,1309,"No ",19
349,44,15901,15992,810,"No ",14
350,61,16928,4649,746,"No ",14
351,52,24017,2696,544,Yes,11
352,75,3956,2370,1062,"No ",13
353,91,23978,12504,530,"No ",21
354,51,17001,5974,1319,Yes,13
355,85,6069,4736,641,Yes,12
356,57,20156,5296,933,"No ",17
357,98,17078,6781,1332,"No ",23
358,99,9150,2174,756,Yes,11
359,45,15276,6653,845,"No ",15
360,48,7246,9699,541,"No ",11
361,88,2967,6755,593,"No ",11
362,46,22495,2213,1171,Yes,13
363,39,2851,2610,895,"No ",24
364,34,9150,2851,350,Yes,13
365,98,17663,3452,921,"No ",20
366,30,16044,5258,1144,"No ",14
367,56,9558,9355,143,"No ",18
368,100,2755,10496,1046,"No ",15
369,68,6110,6380,575,Yes,12
370,42,7551,2657,408,Yes,16
371,90,25422,2716,156,"No ",15
372,54,18168,2201,1283,"No ",16
373,97,19394,6540,755,"No ",19
374,82,17881,3816,1469,"No ",11
375,92,20750,5253,304,"No ",16
376,31,12066,10965,1261,"No ",24
377,87,14862,4936,1178,"No ",11
378,96,11868,2543,329,"No ",13
379,67,4652,5304,1362,Yes,13
380,97,23258,16659,1311,Yes,13
381,77,5915,4260,1371,Yes,12
382,72,17434,2476,202,"No ",18
383,73,6582,3102,575,"No ",22
384,43,24440,2244,253,"No ",13
385,61,3809,7596,164,"No ",13
386,40,3427,2285,464,Yes,23
387,95,26914,3034,1107,"No ",12
388,46,22553,5715,759,"No ",12
389,95,20490,2576,201,"No ",16
390,49,21123,4197,1305,Yes,12
391,59,4345,14336,982,"No ",11
392,78,13436,3448,555,"No ",22
393,86,8509,19406,821,"No ",11
394,72,12740,6538,1381,"No ",15
395,31,4156,4306,480,"No ",12
396,61,15238,2258,313,"No ",20
397,74,2227,4522,1473,Yes,14
398,99,12090,4487,891,Yes,11
399,72,23866,4449,1063,Yes,15
400,98,16193,2218,329,"No ",12
401,52,8213,19197,1218,Yes,14
402,86,18256,13212,906,"No ",11
403,83,19558,6577,1082,"No ",11
404,49,19566,8392,645,"No ",16
405,79,13535,4558,1300,"No ",12
406,91,9396,4031,688,"No ",13
407,39,19609,7969,319,Yes,14
408,69,9655,2654,192,"No ",21
409,30,10310,16555,1490,"No ",13
410,92,12932,4556,532,"No ",11
411,43,24793,6091,317,"No ",20
412,41,3854,19566,422,"No ",11
413,87,26314,4810,1485,"No ",14
414,88,4386,4523,1368,"No ",11
415,62,21972,3202,1448,Yes,16
416,33,12253,2351,296,"No ",16
417,42,12106,1702,1490,Yes,23
418,79,13022,18041,1398,"No ",14
419,90,3032,2886,1349,"No ",22
420,53,16734,2097,1400,"No ",15
421,93,21526,11935,986,"No ",18
422,71,18300,2546,408,"No ",16
423,52,18437,2564,489,"No ",12
424,69,2890,8412,1398,"No ",11
425,56,22102,14118,210,"No ",12
426,88,9314,17046,1099,"No ",15
427,49,7181,2564,1116,"No ",14
428,80,2845,10266,1499,"No ",19
429,65,7389,5070,983,"No ",13
430,51,2288,17861,1009,"No ",13
431,46,19225,4230,144,"No ",15
432,42,23428,3780,548,"No ",11
433,62,8416,2768,1303,"No ",12
434,94,11563,9071,1125,Yes,19
435,33,14394,10648,1274,"No ",25
436,56,24619,13610,1277,Yes,12
437,38,6705,3408,587,"No ",13
438,57,18398,2983,413,"No ",14
439,72,14295,7632,1276,Yes,12
440,66,22908,9824,534,"No ",12
441,43,11533,9950,988,Yes,15
442,97,9260,2093,1474,"No ",17
443,32,15318,9980,635,"No ",14
444,99,9129,3894,1368,"No ",16
445,37,19658,4051,163,"No ",14
446,83,9873,16835,1117,"No ",23
447,56,13430,6230,267,"No ",14
448,85,18659,4717,619,"No ",11
449,75,20364,13237,302,"No ",15
450,48,17872,3755,443,"No ",11
451,77,8346,6582,828,Yes,13
452,56,6950,7406,319,Yes,21
453,61,16177,4805,561,"No ",19
454,58,22808,2741,426,Yes,11
455,34,22645,4262,232,"No ",12
456,95,22578,16184,922,"No ",19
457,44,25291,11557,688,"No ",21
458,69,8059,1878,1306,Yes,14
459,58,11373,10932,1094,"No ",15
460,62,2112,6811,509,Yes,17
461,45,4267,4306,775,"No ",12
462,80,6698,4859,195,"No ",16
463,74,19921,5337,258,"No ",12
464,66,23213,2340,471,Yes,18
465,59,23848,7491,799,"No ",17
466,86,8984,10527,1034,"No ",11
467,91,5626,16595,1276,"No ",16
468,69,24666,8834,142,"No ",13
469,78,22087,5577,956,Yes,12
470,60,23914,4707,1474,"No ",12
471,38,5530,2400,535,"No ",13
472,76,22174,9824,1495,"No ",19
473,65,15701,6447,446,"No ",12
474,58,2125,19502,1245,Yes,17
475,89,21630,2725,691,Yes,11
476,66,7428,6272,703,"No ",20
477,94,9100,2127,823,"No ",21
478,99,7999,18200,1246,"No ",11
479,40,26376,2096,622,"No ",11
480,55,14168,2886,1287,Yes,16
481,74,14470,2033,448,"No ",18
482,83,22794,3622,254,Yes,13
483,46,11512,4233,1365,"No ",17
484,54,14004,3681,538,"No ",14
485,66,6219,5460,525,"No ",22
486,66,5013,2187,798,"No ",12
487,75,3010,9602,558,Yes,11
488,83,11757,2836,959,"No ",13
489,81,5718,4089,622,"No ",13
490,50,2671,16627,782,Yes,14
491,43,14561,2619,362,"No ",17
492,72,19627,5679,1001,Yes,13
493,40,17997,15402,1236,"No ",11
494,50,26894,5985,1112,"No ",11
495,31,2912,2579,204,Yes,18
496,85,16346,3041,1420,"No ",11
497,49,24444,3447,1343,"No ",11
498,35,9358,19513,1315,Yes,12
499,69,12145,2773,604,"No ",20
500,39,20431,7104,1216,"No ",12
501,92,18089,6322,646,Yes,12
502,71,22653,2083,160,"No ",20
503,34,7507,8381,238,"No ",20
504,42,7660,2691,1397,"No ",12
505,100,5630,4286,306,"No ",14
506,71,17759,2659,991,Yes,13
507,36,9606,9434,482,"No ",15
508,62,3487,5561,1176,"No ",14
509,82,19368,6646,1017,"No ",13
510,30,5335,7725,1296,"No ",23
511,88,6729,10725,397,"No ",15
512,48,13934,8847,913,Yes,11
513,54,15174,2045,1115,"No ",13
514,32,26999,1009,1362,Yes,11
515,70,3164,3348,1076,Yes,11
516,41,16900,1281,727,"No ",18
517,58,8544,2819,885,"No ",16
518,57,15678,4851,810,"No ",22
519,46,7791,4028,243,"No ",20
520,76,18959,2720,806,"No ",18
521,56,18597,8120,817,"No ",12
522,71,16673,4647,1410,Yes,20
523,80,15232,4680,1225,"No ",17
524,74,3297,3221,1207,Yes,11
525,46,17654,8621,1442,"No ",14
526,65,24785,4577,693,"No ",14
527,80,20978,4553,408,"No ",11
528,55,21703,5396,929,"No ",12
529,50,23452,6796,562,Yes,14
530,33,19383,7625,827,"No ",13
531,68,6009,7412,608,"No ",11
532,39,19373,11159,1018,"No ",15
533,42,11825,4960,703,"No ",12
534,48,23772,10475,580,Yes,21
535,59,13514,14814,970,"No ",19
536,73,8861,19141,427,"No ",15
537,84,11924,5405,1179,"No ",14
538,32,4809,8793,294,"No ",21
539,59,19562,19189,314,"No ",12
540,54,9983,3875,316,"No ",15
541,67,3872,2216,654,Yes,13
542,63,20335,11713,427,"No ",14
543,81,15397,7861,168,Yes,14
544,49,2104,3708,381,"No ",14
545,49,10225,13770,217,Yes,12
546,99,25275,5304,501,"No ",23
547,99,2755,2642,1396,"No ",11
548,57,20366,2759,933,Yes,12
549,47,23683,6804,775,"No ",18
550,96,7360,6142,970,"No ",11
551,37,4344,2500,650,"No ",14
552,44,18767,6389,141,"No ",15
553,81,20420,11103,832,"No ",11
554,86,22929,2342,804,Yes,20
555,55,23398,6811,975,"No ",19
556,83,17967,2297,1090,"No ",14
557,86,10919,2450,346,"No ",17
558,61,4761,5093,1225,"No ",11
559,80,21146,5309,430,"No ",15
560,92,20471,3057,268,Yes,13
561,32,4187,5121,167,"No ",14
562,31,10084,16856,621,"No ",11
563,63,5207,2686,527,Yes,13
564,32,22807,6180,883,"No ",23
565,46,12388,6632,954,"No ",13
566,79,19630,3505,310,"No ",18
567,77,10339,6397,719,Yes,12
568,60,18686,6274,304,"No ",22
569,78,21199,19859,725,Yes,13
570,76,14229,7587,1434,"No ",15
571,41,26589,4258,715,"No ",18
572,71,5288,4364,575,"No ",14
573,66,25549,4335,657,"No ",12
574,38,3064,5326,1146,"No ",17
575,72,13551,3280,182,"No ",16
576,95,22670,5485,376,Yes,11
577,84,24008,4342,829,"No ",19
578,82,19905,2782,571,Yes,13
579,75,26085,5980,240,Yes,12
580,86,7530,4381,121,"No ",11
581,72,20317,2572,384,"No ",16
582,38,24375,3833,921,"No ",21
583,38,9931,4244,791,"No ",24
584,93,13305,6500,1111,"No ",17
585,66,16225,18430,570,"No ",13
586,63,3445,1601,1243,Yes,21
587,60,26551,2694,1092,"No ",11
588,82,21821,3149,1325,"No ",20
589,64,6881,17639,691,"No ",16
590,36,6689,2319,805,Yes,11
591,49,25995,11691,213,"No ",11
592,69,26507,5324,118,"No ",15
593,33,12982,16752,202,Yes,11
594,35,23361,5228,676,"No ",15
595,81,23779,2700,1252,"No ",24
596,31,25761,19246,286,Yes,12
597,40,13301,2506,1258,"No ",13
598,43,4051,6062,932,Yes,13
599,46,16374,4382,890,"No ",17
600,36,25527,2143,1041,"No ",13
601,98,19124,6162,859,"No ",12
602,51,11983,5094,720,"No ",14
603,52,20234,6877,946,Yes,24
604,95,6153,2274,252,"No ",14
605,98,11806,4434,933,"No ",13
606,45,4284,6288,471,"No ",15
607,100,8306,2553,702,"No ",16
608,43,5860,7654,1184,"No ",18
609,37,21519,5160,436,"No ",16
610,94,5200,17159,589,"No ",24
611,42,8842,12808,269,Yes,16
612,59,18869,10221,950,"No ",21
613,81,3698,4779,760,Yes,20
614,88,2243,3737,829,"No ",19
615,88,20898,2366,887,Yes,14
616,50,16571,1706,443,"No ",11
617,66,5594,16307,1318,"No ",14
618,50,5197,5933,625,"No ",12
619,65,21632,3424,180,"No ",13
620,48,21816,4037,586,"No ",22
621,53,17852,2559,1343,"No ",11
622,56,2823,6201,928,Yes,14
623,73,9250,4403,117,"No ",11
624,75,2373,3761,1012,"No ",12
625,78,20715,10934,661,Yes,18
626,74,19239,10761,930,Yes,12
627,91,22162,5175,638,"No ",12
628,81,19028,13826,890,"No ",22
629,66,24558,6334,342,"No ",19
630,63,23965,4936,1169,"No ",13
631,33,19146,4775,1230,"No ",22
632,62,5044,2818,986,Yes,24
633,35,9068,2515,1271,Yes,14
634,77,8635,2342,1278,"No ",21
635,98,14363,4194,141,Yes,18
636,66,23457,10685,607,Yes,20
637,96,16612,2022,130,Yes,19
638,61,9148,2314,300,"No ",12
639,87,18154,4256,583,"No ",12
640,36,10554,3580,1418,"No ",16
641,46,10778,3162,1269,"No ",17
642,48,8891,6524,379,"No ",14
643,98,12102,2899,395,"No ",19
644,95,23726,5231,1265,Yes,13
645,48,14871,2356,1222,Yes,19
646,48,23522,2800,341,Yes,19
647,73,22789,11836,868,"No ",14
648,78,9129,10903,672,"No ",16
649,54,21222,2973,1231,"No ",15
650,72,20206,14275,102,"No ",18
651,33,21782,5562,422,"No ",13
652,35,17783,4537,249,Yes,22
653,32,4814,7642,1252,Yes,13
654,98,4544,17924,881,"No ",11
655,42,7790,5204,1383,"No ",11
656,57,22650,2277,1075,Yes,11
657,87,18016,2795,374,Yes,24
658,62,6054,2532,1086,"No ",14
659,61,7508,2559,661,Yes,13
660,98,24252,4908,821,"No ",14
661,57,13384,2380,781,Yes,14
662,55,23814,4765,177,"No ",21
663,49,22052,2044,500,"No ",13
664,65,8870,2693,1427,"No ",19
665,68,4821,6586,1425,Yes,17
666,65,13137,3294,1454,Yes,18
667,34,10022,4171,617,Yes,19
668,57,17725,2778,1085,Yes,13
669,77,9834,2377,995,"No ",18
670,70,4303,2404,1122,Yes,21
671,76,17808,2318,618,"No ",19
672,83,6896,2008,546,"No ",14
673,68,7824,6244,462,"No ",17
674,100,3339,2799,1198,Yes,11
675,37,9255,10552,1272,Yes,13
676,41,11737,2329,154,"No ",15
677,51,19170,4014,1137,Yes,25
678,51,22477,7403,527,"No ",11
679,51,5543,2259,1469,"No ",17
680,45,24406,6932,1188,"No ",13
681,65,23293,4678,188,"No ",18
682,80,16292,13582,1333,"No ",13
683,70,3974,2332,1184,"No ",20
684,36,18798,2413,867,Yes,18
685,67,20652,9705,658,"No ",12
686,52,11148,4294,1283,"No ",12
687,59,3119,4721,263,Yes,13
688,79,12287,2519,938,"No ",21
689,37,9947,2121,419,Yes,13
690,84,13008,2973,129,"No ",19
691,41,17369,5855,616,Yes,11
692,35,25063,3617,1469,Yes,14
693,93,13554,6725,498,"No ",12
694,51,5518,10325,530,Yes,11
695,42,12291,6949,1069,"No ",14
696,46,14922,10609,625,"No ",11
697,57,23163,4447,805,"No ",12
698,84,18203,2157,1404,"No ",15
699,86,6179,4601,1219,"No ",16
700,70,13829,17099,1053,"No ",15
701,51,26227,2479,289,"No ",24
702,45,13938,14852,1376,"No ",13
703,62,9977,7264,231,"No ",11
704,85,19899,5666,152,Yes,13
705,92,6812,7823,882,"No ",13
706,41,2560,7880,903,"No ",18
707,100,17071,13194,1479,Yes,16
708,64,6759,5067,1379,Yes,19
709,84,25952,5079,1229,"No ",13
710,46,10322,2321,335,Yes,22
711,38,20489,17444,722,"No ",11
712,92,11479,2404,906,Yes,20
713,53,17241,3452,461,"No ",18
714,91,11005,2270,974,"No ",14
715,66,6615,17399,1126,"No ",22
716,84,20161,5488,827,Yes,13
717,64,3735,19419,840,"No ",17
718,37,12086,2811,1134,"No ",14
719,42,14039,3633,248,Yes,15
720,83,8571,4163,955,Yes,17
721,48,11539,2132,138,Yes,11
722,95,4161,13973,939,Yes,18
723,66,12127,2684,1391,"No ",17
724,75,24208,10845,566,"No ",13
725,41,24117,4377,1206,"No ",15
726,39,10074,3743,622,Yes,24
727,96,11275,4148,853,"No ",12
728,73,13493,1051,287,"No ",15
729,56,13943,10739,1441,"No ",11
730,57,6975,10388,583,Yes,11
731,73,17802,11416,153,Yes,12
732,98,18275,2600,1097,Yes,15
733,60,25725,2422,109,"No ",17
734,32,3334,5472,1066,"No ",12
735,94,6881,2451,217,"No ",15
736,97,13119,4240,277,"No ",13
737,78,22245,10999,1355,"No ",14
738,42,23371,5003,549,"No ",14
739,65,7060,12742,466,"No ",16
740,47,4658,4227,1055,"No ",18
741,45,9541,3917,802,"No ",20
742,90,7770,18303,265,"No ",13
743,64,20165,2380,804,"No ",18
744,69,21829,13726,715,Yes,13
745,61,14382,4777,1141,"No ",15
746,62,12992,6385,135,Yes,14
747,55,20284,19973,247,"No ",22
748,42,4981,6861,1035,Yes,12
749,79,21813,4969,265,"No ",18
750,57,25846,19845,266,"No ",15
751,53,11737,13320,1448,Yes,18
752,95,24920,6347,145,"No ",12
753,43,8269,2743,885,"No ",16
754,82,5083,10880,945,Yes,13
755,88,21437,2342,1038,"No ",19
756,90,5404,17650,1234,"No ",13
757,69,11135,4025,1109,"No ",12
758,75,12278,9725,216,"No ",11
759,66,11038,11904,1089,Yes,14
760,36,8318,2177,788,"No ",16
761,38,23537,7525,124,"No ",12
762,81,7858,4834,660,"No ",14
763,57,15346,2042,342,Yes,14
764,87,18410,2220,1333,Yes,19
765,74,23384,1052,1144,"No ",22
766,44,2997,2821,1186,"No ",16
767,62,12853,19237,1464,Yes,11
768,35,13848,4107,124,"No ",15
769,74,22217,8396,300,"No ",14
770,66,25265,2007,921,"No ",13
771,40,21445,19627,430,"No ",17
772,41,8392,10686,1082,"No ",11
773,63,12154,2942,1240,"No ",19
774,51,15669,8858,796,"No ",11
775,40,17323,16756,444,"No ",15
776,79,5268,10798,415,"No ",13
777,54,17205,2323,769,Yes,14
778,36,17258,1416,1334,"No ",13
779,74,21029,4615,1003,Yes,23
780,34,10332,2461,1323,Yes,12
781,72,12355,8722,1366,"No ",12
782,59,11141,3955,192,"No ",16
783,85,9096,9957,1176,"No ",15
784,43,18863,3376,509,"No ",13
785,65,24608,8823,330,"No ",18
786,61,26542,10322,1492,"No ",20
787,87,5869,4621,1277,"No ",19
788,65,15813,10976,1091,"No ",18
789,59,7909,3660,857,"No ",13
790,91,2326,10482,1376,"No ",14
791,34,21214,7119,654,"No ",15
792,86,10333,9582,1204,Yes,22
793,54,3129,4508,827,"No ",22
794,50,22482,2207,895,"No ",16
795,45,22266,7756,618,"No ",17
796,88,24223,6694,309,Yes,14
797,32,4605,3691,1219,Yes,15
798,37,19373,2377,1330,"No ",20
799,55,2993,2313,1017,Yes,20
800,35,14399,17665,469,"No ",17
801,45,7160,2596,1009,"No ",15
802,81,17251,4728,959,Yes,14
803,30,13401,4302,970,"No ",17
804,40,22478,2979,697,"No ",17
805,35,16154,16885,1262,"No ",22
806,65,17970,5593,1050,"No ",13
807,87,15322,10445,994,"No ",19
808,73,5569,8740,770,Yes,14
809,93,26968,2514,1107,"No ",22
810,93,8039,7655,950,"No ",17
811,52,15596,17465,406,"No ",12
812,32,20619,7351,130,"No ",16
813,83,11535,10820,1082,"No ",11
814,84,13547,12169,203,"No ",11
815,44,17544,19626,1308,"No ",14
816,70,25326,2070,984,Yes,11
817,70,8770,6782,439,"No ",15
818,78,23238,7779,217,"No ",20
819,67,21981,2791,793,"No ",12
820,67,19911,3201,1451,"No ",17
821,54,18500,4968,1182,"No ",11
822,56,11879,13120,174,"No ",17
823,95,15834,4033,1003,"No ",11
824,61,17940,3291,490,"No ",14
825,56,9558,4272,188,"No ",19
826,79,17689,5056,718,Yes,15
827,37,6004,2844,433,"No ",13
828,39,22088,2703,773,Yes,14
829,80,13556,1904,247,"No ",12
830,77,18385,8224,603,Yes,17
831,46,9051,4766,167,Yes,11
832,72,6233,2610,874,"No ",12
833,52,17171,5731,367,"No ",13
834,55,7950,2539,199,"No ",13
835,70,5829,5714,1400,"No ",20
836,100,7108,4323,528,"No ",17
837,45,11162,7336,408,"No ",13
838,88,13782,13499,593,"No ",17
839,44,2447,13758,481,Yes,12
840,45,2253,5155,647,"No ",13
841,58,16340,2258,982,"No ",12
842,49,6409,3597,477,"No ",22
843,79,22955,2515,1485,Yes,11
844,82,13421,4420,1384,"No ",22
845,72,2706,6578,852,"No ",18
846,92,21203,4422,902,Yes,13
847,44,19588,10274,819,"No ",18
848,97,25755,5343,669,"No ",20
849,47,26537,2376,636,"No ",13
850,85,9489,5346,1372,"No ",13
851,76,14947,2827,862,"No ",12
852,92,18575,19943,718,"No ",13
853,54,26342,3131,1401,"No ",13
854,54,7172,2552,645,"No ",25
855,83,20100,4477,1457,Yes,19
856,56,9961,6474,977,"No ",13
857,87,12828,3033,805,"No ",12
858,96,10826,2936,1097,Yes,11
859,50,18640,18606,1223,"No ",18
860,69,26933,2168,942,Yes,18
861,48,4223,2853,1256,Yes,11
862,69,24097,17048,1402,"No ",23
863,74,4279,2290,111,"No ",13
864,99,8429,3600,147,"No ",13
865,95,20293,2107,906,"No ",17
866,61,13192,4115,1329,"No ",19
867,62,25440,4327,1184,"No ",12
868,30,9490,17856,1421,"No ",22
869,78,12449,3196,1179,"No ",12
870,52,10849,19081,1450,"No ",11
871,94,21026,8966,1361,Yes,15
872,97,3372,2210,984,"No ",13
873,82,4905,4539,1146,"No ",12
874,60,6865,2741,917,"No ",14
875,49,11309,3491,853,"No ",13
876,32,7744,4541,200,"No ",25
877,43,5050,2678,654,"No ",17
878,60,17433,7379,150,"No ",11
879,79,12858,6272,179,"No ",16
880,52,10893,5220,696,Yes,18
881,77,7331,2743,116,"No ",20
882,38,2338,4998,1316,Yes,14
883,77,4235,10252,363,Yes,21
884,60,6311,2781,117,"No ",13
885,84,11591,6852,107,"No ",12
886,57,20623,4950,1356,"No ",14
887,63,9369,3579,1465,Yes,21
888,60,23281,13191,458,Yes,17
889,78,13755,10377,1212,Yes,11
890,42,14377,2235,1103,Yes,14
891,53,9659,10502,966,"No ",17
892,72,19982,2011,1117,"No ",13
893,96,6148,1859,504,Yes,25
894,97,5598,3760,1010,"No ",15
895,85,23474,17779,685,"No ",14
896,80,17089,6833,1332,Yes,12
897,96,17198,6812,1062,"No ",19
898,48,16490,5171,326,"No ",17
899,96,18625,19740,920,"No ",14
900,85,12124,18711,1098,"No ",13
901,46,9256,3692,469,"No ",12
902,76,16620,2559,969,"No ",11
903,76,3208,2517,1167,"No ",11
904,82,4204,6623,1329,Yes,11
905,76,8733,18265,715,"No ",12
906,87,3423,16124,694,"No ",14
907,89,21643,2585,1320,"No ",17
908,88,8751,18213,1099,"No ",11
909,82,21708,8380,536,Yes,14
910,57,21221,2994,265,Yes,12
911,47,16901,1223,373,"No ",22
912,73,8040,1118,599,Yes,14
913,53,9973,2875,583,Yes,20
914,94,2493,18824,1449,Yes,16
915,37,25592,13577,177,Yes,15
916,45,25308,2625,251,"No ",20
917,33,9946,18789,168,"No ",14
918,86,6039,4538,131,Yes,12
919,83,19196,19847,237,Yes,24
920,67,20002,10512,1429,"No ",12
921,46,22534,4444,135,"No ",13
922,44,6842,2154,791,Yes,11
923,92,17477,19190,1199,"No ",14
924,56,21833,4490,648,"No ",11
925,66,6020,3506,735,Yes,14
926,78,5628,2372,603,Yes,16
927,56,20364,10231,531,"No ",14
928,53,2323,5410,429,Yes,11
929,73,14075,7978,621,"No ",11
930,52,14222,3867,193,Yes,12
931,40,4257,2838,968,"No ",14
932,72,12858,4695,879,Yes,18
933,39,17285,3339,806,Yes,13
934,84,4732,2080,640,"No ",11
935,40,18830,2096,266,"No ",18
936,56,11693,6209,604,"No ",15
937,83,13035,18061,364,"No ",22
938,94,17334,17123,412,Yes,13
939,88,26076,2372,848,"No ",12
940,79,22845,4883,1089,"No ",18
941,93,22154,3904,360,"No ",13
942,48,23631,4627,1138,"No ",12
943,63,5747,7094,325,"No ",12
944,44,22957,3423,991,"No ",12
945,55,16392,6674,1476,"No ",11
946,43,22422,16880,1322,Yes,11
947,57,17235,9094,299,Yes,12
948,64,21534,8446,1030,Yes,19
949,95,25927,11916,634,Yes,23
950,32,13352,4534,524,"No ",11
951,57,8935,9852,587,Yes,19
952,40,22074,6151,256,"No ",13
953,54,8319,2302,1060,Yes,11
954,89,14669,2362,935,"No ",12
955,37,26582,17861,495,Yes,13
956,58,6992,19187,282,"No ",14
957,99,4022,19717,206,"No ",14
958,74,8532,3544,458,"No ",16
959,86,5494,8500,943,"No ",11
960,98,22455,4661,523,"No ",13
961,66,4297,4103,1018,"No ",17
962,87,2690,4249,482,Yes,11
963,84,17588,14026,770,Yes,11
964,31,19461,6893,1009,"No ",15
965,66,23553,6125,507,"No ",12
966,67,9075,3669,882,"No ",11
967,53,12023,10008,601,Yes,14
968,88,6762,2387,329,"No ",22
969,83,2261,4639,607,"No ",16
970,54,18706,7898,855,"No ",11
971,98,6527,2534,1291,"No ",14
972,82,24439,13142,1405,"No ",16
973,97,19305,1611,1124,"No ",15
974,60,10846,5363,817,"No ",12
975,43,20392,5071,793,"No ",20
976,85,9277,13695,267,Yes,17
977,68,18235,13402,1369,Yes,12
978,92,15891,2029,999,"No ",20
979,89,13888,6377,1202,"No ",20
980,86,17491,5429,285,"No ",13
981,90,11882,2785,703,"No ",14
982,67,23288,4614,662,Yes,18
983,57,15748,2610,693,"No ",11
984,98,6163,6687,404,"No ",11
985,48,24232,4724,736,"No ",11
986,98,21057,6179,330,Yes,15
987,44,3567,6120,1498,Yes,12
988,52,15395,10596,541,"No ",11
989,75,13953,5467,1200,Yes,14
990,54,5182,2996,1439,Yes,15
991,61,19293,9998,1111,"No ",13
992,36,20497,4078,499,Yes,13
993,71,3449,10920,1485,"No ",21
994,93,12477,6232,1372,"No ",11
995,59,9731,13247,322,Yes,11
996,73,20003,4081,930,Yes,14
997,98,7100,5769,205,Yes,11
998,51,25681,2394,135,Yes,13
999,36,4050,3904,683,"No ",12
1000,31,16616,16799,1147,"No ",14
1001,54,17363,2950,258,"No ",13
1002,94,19106,3629,1462,"No ",18
1003,60,19944,9362,200,"No ",11
1004,81,4910,3229,949,"No ",11
1005,100,23577,3578,652,"No ",12
1006,51,9769,7988,332,"No ",13
1007,97,22710,4284,1475,"No ",20
1008,84,22930,7553,337,Yes,12
1009,54,5652,17328,971,"No ",19
1010,76,22456,19701,1055,Yes,21
1011,81,12414,14732,1136,"No ",13
1012,99,20763,9278,1174,Yes,16
1013,50,16154,1359,667,"No ",12
1014,73,12761,4779,855,"No ",14
1015,93,8847,16422,182,"No ",11
1016,91,20284,2996,560,"No ",14
1017,34,22262,1261,202,"No ",12
1018,91,7679,2099,1377,"No ",14
1019,37,22604,5810,172,"No ",16
1020,98,13494,5647,329,"No ",13
1021,74,10205,3420,465,"No ",12
1022,68,15182,4400,383,"No ",12
1023,84,25470,3500,1413,"No ",14
1024,90,10494,2066,1255,"No ",22
1025,82,26703,17169,359,"No ",19
1026,42,15211,4162,1476,Yes,12
1027,97,23343,9204,601,"No ",12
1028,86,3708,3294,401,"No ",17
1029,90,5561,2127,1283,Yes,12
1030,81,23099,3975,663,"No ",11
1031,31,8386,10793,326,"No ",18
1032,52,15986,10096,377,"No ",11
1033,54,17181,3646,592,Yes,23
1034,100,8931,7446,1445,"No ",11
1035,95,19863,10851,1038,Yes,18
1036,96,24609,2109,1398,"No ",18
1037,94,21081,3722,523,Yes,13
1038,55,14720,9380,1448,Yes,18
1039,96,24795,5486,1221,"No ",11
1040,52,3072,2742,1107,"No ",15
1041,55,25178,13757,218,"No ",11
1042,84,23490,8463,866,"No ",18
1043,90,7973,3162,981,"No ",14
1044,39,19764,16598,447,"No ",12
1045,96,21534,6651,1495,"No ",14
1046,68,8045,2345,896,"No ",14
1047,49,21158,3420,1467,"No ",13
1048,54,17456,4373,430,"No ",14
1049,81,15891,4759,1326,"No ",18
1050,96,2939,5301,1358,"No ",15
1051,74,16458,3673,748,"No ",13
1052,79,9282,4768,383,"No ",12
1053,64,7152,1274,990,"No ",13
1054,93,2721,4900,405,"No ",24
1055,35,20948,10466,1490,"No ",14
1056,71,11929,17007,829,"No ",14
1057,92,15747,2909,1496,"No ",15
1058,51,17485,5765,115,"No ",11
1059,40,7815,4599,790,Yes,23
1060,76,16192,2404,660,"No ",13
1061,89,16998,3172,381,Yes,11
1062,78,7103,2033,830,"No ",13
1063,86,19719,10209,1193,Yes,18
1064,77,23757,8620,1246,"No ",14
1065,46,15428,2064,330,"No ",21
1066,30,16143,4035,1229,Yes,16
1067,82,8192,3838,1099,"No ",11
1068,78,24200,4591,571,Yes,17
1069,38,5355,2561,289,"No ",11
1070,72,12530,1563,1423,"No ",14
1071,55,11827,4898,467,"No ",14
1072,43,23070,4789,271,"No ",25
1073,97,4668,3180,410,"No ",13
1074,96,3173,6549,1083,"No ",14
1075,69,22049,6388,516,Yes,17
1076,64,21072,11244,495,"No ",25
1077,87,24456,16032,1050,"No ",20
1078,100,7568,2362,224,"No ",13
1079,32,22074,16328,136,"No ",13
1080,32,9150,8376,1089,"No ",18
1081,51,11380,16606,228,"No ",12
1082,91,21195,8606,1029,"No ",19
1083,97,24812,2272,507,"No ",14
1084,86,21831,2018,676,"No ",14
1085,64,12288,7083,971,Yes,14
1086,33,4156,4084,561,"No ",12
1087,88,24450,14411,333,Yes,13
1088,55,4944,2308,1440,Yes,25
1089,68,24052,4841,1210,"No ",14
1090,47,3031,4285,674,"No ",17
1091,39,7288,9715,441,"No ",13
1092,44,24152,4320,575,"No ",13
1093,97,4585,2132,950,"No ",20
1094,40,18611,10124,288,Yes,14
1095,47,19345,5473,1342,"No ",12
1096,79,22949,5207,589,Yes,12
1097,38,17381,16437,898,Yes,21
1098,57,10036,2296,350,"No ",14
1099,72,8841,4069,1142,Yes,18
1100,66,20933,7441,538,"No ",12
1101,98,26204,2430,1402,"No ",23
1102,67,15624,5878,824,"No ",12
1103,70,17001,2644,1157,Yes,21
1104,96,13693,6439,492,"No ",14
1105,91,22376,2451,598,"No ",18
1106,46,10589,6392,1242,"No ",13
1107,64,5323,9714,740,"No ",11
1108,71,14814,6077,888,"No ",11
1109,68,21731,2450,992,"No ",19
1110,33,17799,9250,1288,"No ",12
1111,69,26619,2074,104,Yes,12
1112,78,14618,10169,607,"No ",16
1113,81,7653,4855,903,"No ",11
1114,62,25174,4087,1200,"No ",14
1115,65,16530,2367,1108,"No ",12
1116,35,22061,2972,479,"No ",13
1117,60,23037,19586,685,"No ",21
1118,45,13008,5484,1351,"No ",17
1119,89,11133,2061,474,"No ",21
1120,80,12355,9924,1245,"No ",11
1121,90,16379,4198,437,"No ",12
1122,73,21447,6815,884,"No ",13
1123,87,16213,4723,1370,Yes,18
1124,51,4223,6142,670,Yes,16
1125,38,4658,8237,1462,"No ",11
1126,87,24483,8853,995,"No ",19
1127,59,19519,19331,264,Yes,16
1128,45,12826,2073,977,"No ",16
1129,80,19711,5562,1302,Yes,13
1130,93,26362,19613,1059,"No ",22
1131,46,25348,3407,750,"No ",17
1132,92,15332,5063,653,"No ",14
1133,84,11262,4639,118,"No ",15
1134,87,5855,4876,990,"No ",12
1135,63,7713,2690,1349,"No ",18
1136,56,3156,17567,563,"No ",15
1137,51,7324,2408,329,Yes,17
1138,85,10293,2814,457,Yes,14
1139,41,20689,11245,1234,Yes,15
1140,35,18783,3312,634,"No ",17
1141,31,3549,19049,1313,Yes,14
1142,48,5348,2141,241,"No ",12
1143,50,23447,5769,1015,Yes,14
1144,52,24162,4385,336,"No ",15
1145,54,21602,5332,715,"No ",13
1146,76,12421,4663,559,Yes,12
1147,42,17000,4724,426,"No ",13
1148,84,22102,3211,722,"No ",14
1149,76,3835,5377,1387,"No ",13
1150,67,16290,4066,1302,"No ",11
1151,48,26312,5208,819,"No ",11
1152,39,20460,4877,580,"No ",21
1153,97,26009,3117,546,"No ",18
1154,70,18420,1569,544,Yes,12
1155,98,5220,19658,1176,"No ",11
1156,76,10302,3069,170,"No ",15
1157,80,25800,10435,884,"No ",13
1158,52,12250,4148,208,"No ",12
1159,85,26493,5768,671,"No ",17
1160,81,3140,5042,711,"No ",13
1161,59,5388,5770,1329,"No ",19
1162,54,14199,7756,397,Yes,19
1163,55,21530,10306,737,"No ",17
1164,71,9953,3936,1470,"No ",11
1165,84,19948,7945,448,Yes,15
1166,37,10503,5743,602,Yes,11
1167,89,5602,15202,365,"No ",25
1168,59,22098,5440,763,Yes,14
1169,32,17218,3760,567,Yes,13
1170,86,22490,3517,486,"No ",17
1171,87,6297,2580,591,"No ",13
1172,73,3339,2166,1329,Yes,14
1173,42,23413,5869,469,"No ",11
1174,42,22792,8008,711,"No ",12
1175,77,4973,5206,772,"No ",17
1176,66,7693,5295,492,"No ",21
1177,72,3498,16413,301,"No ",16
1178,50,21981,13269,813,"No ",15
1179,31,13251,2783,1141,"No ",19
1180,66,19332,5433,1130,"No ",12
1181,77,10950,2013,311,"No ",11
1182,41,11652,13966,465,Yes,19
1183,33,15411,4374,894,"No ",15
1184,79,26308,6842,1040,"No ",20
1185,91,18685,17426,584,"No ",25
1186,65,3525,17603,1291,"No ",24
1187,36,10414,4581,880,Yes,24
1188,90,9867,4735,1189,"No ",15
1189,43,3356,4187,991,Yes,13
1190,93,3921,5505,392,"No ",14
1191,45,25518,5470,977,"No ",13
1192,67,22589,5476,1112,"No ",11
1193,74,24941,2587,464,Yes,16
1194,42,23826,2440,148,"No ",22
1195,47,21086,15972,1225,"No ",14
1196,36,22384,15379,809,"No ",14
1197,80,11591,7082,1206,Yes,16
1198,54,21082,2728,727,"No ",11
1199,36,16130,5368,530,Yes,25
1200,80,7419,5347,1351,"No ",14
1201,44,4167,3195,528,Yes,18
1202,93,20586,3989,1320,Yes,11
1203,87,26176,3306,1495,"No ",19
1204,48,3458,7005,1395,"No ",15
1205,95,11740,2655,708,Yes,11
1206,95,24852,1393,1259,"No ",12
1207,76,11925,2570,786,"No ",20
1208,94,23737,3537,1441,"No ",12
1209,57,11912,3986,1157,"No ",14
1210,92,20467,10883,370,"No ",20
1211,79,13637,2028,267,"No ",18
1212,31,7677,9525,1278,"No ",14
1213,35,20338,2929,678,"No ",12
1214,99,25103,2275,427,Yes,21
1215,96,14810,7879,921,Yes,19
1216,79,13970,4930,146,Yes,14
1217,73,6069,7847,1179,Yes,17
1218,62,17616,4401,581,"No ",16
1219,35,15869,9241,918,"No ",12
1220,43,25412,2974,1082,"No ",17
1221,51,7439,4502,530,"No ",15
1222,74,3395,10748,1238,"No ",23
1223,58,11585,1555,240,"No ",11
1224,82,24164,12936,1093,"No ",11
1225,62,6217,2305,390,"No ",15
1226,48,17119,16704,1005,"No ",11
1227,56,17360,3433,585,"No ",13
1228,69,18103,3477,741,"No ",14
1229,60,20794,6430,552,"No ",19
1230,92,5041,6516,369,Yes,16
1231,91,3622,3907,506,"No ",13
1232,34,9697,5562,717,"No ",14
1233,49,5151,6883,1370,"No ",16
1234,33,3811,2862,793,"No ",12
1235,87,3536,4978,543,"No ",11
1236,74,5596,10368,1277,Yes,12
1237,96,8658,6134,1456,Yes,13
1238,34,12147,6735,964,"No ",15
1239,51,12862,3295,160,"No ",13
1240,30,6670,5238,163,"No ",20
1241,77,8989,6472,792,Yes,15
1242,80,3840,9610,371,"No ",13
1243,88,4349,19833,611,"No ",14
1244,56,6595,9756,176,"No ",21
1245,78,26427,4968,1312,"No ",16
1246,59,2097,2145,897,"No ",14
1247,66,9732,2180,600,"No ",11
1248,51,20943,8346,1003,"No ",19
1249,67,6152,3445,1054,"No ",11
1250,52,14630,2760,428,"No ",13
1251,70,23060,6294,461,Yes,12
1252,94,3088,7140,979,"No ",11
1253,97,5586,2932,181,Yes,14
1254,62,10697,5147,1283,"No ",15
1255,80,8191,4507,1313,"No ",12
1256,74,10092,8564,211,Yes,20
1257,75,15963,2468,594,"No ",14
1258,70,19002,8161,1079,"No ",13
1259,91,10007,2109,590,"No ",13
1260,58,9128,5294,305,"No ",16
1261,65,17674,2718,953,"No ",14
1262,60,24539,5811,833,Yes,16
1263,38,15587,2437,807,Yes,16
1264,57,8952,2766,855,"No ",22
1265,60,19805,19038,478,"No ",12
1266,90,6194,3055,775,"No ",15
1267,94,20520,2289,548,"No ",20
1268,87,12313,4001,1375,Yes,14
1269,60,22308,12965,661,Yes,20
1270,97,5033,3539,244,"No ",13
1271,32,25353,6029,511,"No ",12
1272,31,4567,2679,337,"No ",13
1273,40,16376,3702,1153,"No ",11
1274,79,15999,2398,1294,Yes,17
1275,91,13402,5468,196,"No ",14
1276,53,22984,13116,942,"No ",11
1277,46,8800,4189,589,"No ",14
1278,46,14218,19328,734,Yes,17
1279,90,25949,8321,1383,Yes,13
1280,99,11092,2342,429,Yes,12
1281,89,12832,4071,1239,"No ",13
1282,84,13492,5813,303,Yes,18
1283,90,6076,3143,867,"No ",19
1284,82,5531,2044,1181,"No ",11
1285,65,7914,13464,1253,"No ",21
1286,98,25166,7991,849,"No ",15
1287,99,25605,3377,616,"No ",17
1288,95,5696,5538,1128,"No ",18
1289,90,24442,5762,1180,"No ",14
1290,100,7129,2592,1336,"No ",13
1291,93,6208,5346,234,"No ",17
1292,58,4992,4213,370,"No ",15
1293,83,19188,4127,766,"No ",18
1294,52,24978,2438,343,"No ",13
1295,85,15530,6870,447,"No ",12
1296,81,26458,10447,796,Yes,13
1297,64,2739,9667,1092,"No ",14
1298,69,6889,2148,920,Yes,11
1299,66,10842,8926,261,"No ",22
1300,52,9060,6513,1194,"No ",17
1301,92,22128,6799,810,"No ",21
1302,52,22577,16291,350,"No ",22
1303,91,9696,2705,185,"No ",16
1304,92,19271,10333,1001,Yes,12
1305,47,10748,4448,750,"No ",12
1306,68,15696,6854,431,"No ",15
1307,68,8277,9637,1125,"No ",14
1308,67,12719,3591,1217,"No ",25
1309,77,4244,5405,723,Yes,20
1310,46,9125,4684,572,"No ",13
1311,87,21624,15787,1216,Yes,14
1312,33,8018,1514,1431,"No ",16
1313,89,21495,2956,359,"No ",17
1314,56,3157,2335,350,Yes,15
1315,67,19665,5154,589,"No ",22
1316,73,19573,6962,430,Yes,22
1317,92,19246,5675,1422,"No ",20
1318,53,19826,2379,1297,Yes,14
1319,40,7003,3812,574,"No ",13
1320,79,26075,4648,1318,"No ",13
1321,38,6161,2936,355,"No ",22
1322,64,5411,2105,207,"No ",12
1323,82,19989,8578,706,"No ",14
1324,43,10494,2706,280,"No ",15
1325,93,21143,6384,726,"No ",17
1326,81,13624,3968,1142,"No ",13
1327,82,26186,9907,414,Yes,12
1328,45,7739,13225,1319,"No ",12
1329,36,7018,3540,728,"No ",21
1330,87,15434,2804,352,"No ",11
1331,81,22539,19392,823,"No ",13
1332,91,13583,19665,1224,"No ",12
1333,73,14753,2439,459,Yes,24
1334,64,14011,7314,1254,"No ",21
1335,77,23844,4774,1131,"No ",19
1336,41,5141,3902,835,"No ",14
1337,98,7975,2662,836,"No ",20
1338,78,3692,2856,1172,"No ",19
1339,89,16019,1081,945,"No ",13
1340,75,26092,2472,391,Yes,23
1341,63,6060,5673,1266,Yes,13
1342,89,18624,4197,311,"No ",11
1343,64,24444,9713,1480,Yes,13
1344,59,19384,2062,592,"No ",14
1345,78,13588,4284,783,Yes,22
1346,44,25388,4788,219,Yes,11
1347,93,23888,5906,556,"No ",13
1348,94,4223,3886,1213,"No ",21
1349,98,18991,16823,1137,"No ",11
1350,90,14908,2933,482,Yes,13
1351,89,26997,6500,511,"No ",14
1352,58,2437,17174,117,"No ",11
1353,78,9364,5033,170,"No ",15
1354,85,14460,2307,967,Yes,23
1355,97,10261,2587,1162,"No ",16
1356,33,16822,5507,335,"No ",16
1357,54,26841,4393,337,"No ",21
1358,83,14842,13348,1396,"No ",13
1359,86,20115,6583,1079,Yes,11
1360,75,16495,8103,735,Yes,12
1361,62,16031,3978,471,"No ",12
1362,61,7102,2544,1096,"No ",18
1363,44,14511,5399,1297,"No ",12
1364,43,10410,5487,217,"No ",14
1365,42,19255,6834,783,Yes,12
1366,45,10642,1091,746,"No ",17
1367,32,3987,5736,1251,"No ",19
1368,41,6073,2226,1354,"No ",11
1369,86,26496,5747,735,Yes,15
1370,84,23352,9854,1475,Yes,11
1371,64,2125,5467,1169,"No ",18
1372,89,20328,5380,1443,"No ",16
1373,87,12315,5151,867,"No ",25
1374,58,18115,2133,1394,Yes,16
1375,72,11761,17875,605,Yes,13
1376,47,15318,2432,238,Yes,14
1377,71,14293,4771,1206,"No ",19
1378,42,13738,19161,1064,"No ",15
1379,77,2900,5087,419,Yes,12
1380,58,19555,2863,1337,"No ",12
1381,71,15975,5561,682,"No ",16
1382,49,2122,2144,1103,"No ",14
1383,48,3995,3065,976,Yes,13
1384,66,9238,2810,1351,"No ",22
1385,32,6770,9888,937,"No ",21
1386,39,22914,8628,1239,"No ",18
1387,95,20006,2867,157,"No ",13
1388,89,6225,5373,136,"No ",12
1389,34,16542,6667,1146,"No ",18
1390,48,5771,5003,1125,"No ",21
1391,32,18779,2367,1404,"No ",12
1392,59,11473,2858,1404,"No ",14
1393,55,13586,5204,1224,Yes,11
1394,44,5099,4105,954,"No ",14
1395,56,10138,9679,1373,"No ",24
1396,63,21075,5617,754,Yes,11
1397,66,5843,10448,1168,Yes,13
1398,67,22474,2897,155,"No ",11
1399,36,18079,5968,1303,"No ",20
1400,30,16873,7510,574,"No ",17
1401,88,5224,2991,1444,Yes,11
1402,71,25811,19636,189,Yes,18
1403,59,17536,1129,1276,Yes,11
1404,77,25098,13341,119,"No ",12
1405,37,14811,4332,335,"No ",12
1406,40,26862,11031,697,"No ",20
1407,77,25198,4440,157,Yes,19
1408,45,14120,4617,771,"No ",12
1409,78,13672,2647,571,"No ",13
1410,73,26849,6323,692,"No ",11
1411,92,4258,5677,444,"No ",14
1412,82,19655,2187,309,"No ",14
1413,76,4077,3748,911,"No ",13
1414,57,7298,3977,977,Yes,19
1415,84,13084,8633,1180,"No ",23
1416,59,20439,2008,1313,"No ",12
1417,86,7636,4440,1321,"No ",15
1418,54,6393,3067,1154,"No ",19
1419,72,14284,5321,508,"No ",11
1420,35,11189,5410,557,Yes,17
1421,76,21412,2782,642,"No ",22
1422,98,17231,11957,1162,"No ",18
1423,43,20232,2660,1490,Yes,11
1424,63,17624,3375,581,"No ",12
1425,48,18698,5098,1395,"No ",19
1426,95,21653,4878,501,Yes,13
1427,49,15919,2837,267,"No ",13
1428,83,4060,2406,543,"No ",19
1429,68,18024,2269,234,"No ",14
1430,52,5340,4108,116,"No ",13
1431,99,3376,13206,201,"No ",12
1432,48,24032,10422,801,"No ",19
1433,42,15471,13744,161,Yes,25
1434,85,13684,4907,1382,Yes,22
1435,40,19788,3482,585,"No ",15
1436,42,13422,2436,1037,Yes,12
1437,58,25479,2380,501,Yes,11
1438,87,15302,19431,105,"No ",13
1439,33,26956,1790,638,"No ",19
1440,94,12695,7644,557,"No ",19
1441,97,9192,5131,688,"No ",13
1442,57,26236,6306,667,"No ",21
1443,36,26124,4787,1092,Yes,14
1444,56,17312,18880,300,"No ",11
1445,72,3666,2339,310,"No ",11
1446,60,5640,13570,582,"No ",23
1447,95,8978,6712,704,"No ",21
1448,88,10436,5406,301,"No ",24
1449,57,12227,8938,930,"No ",11
1450,78,11288,2439,529,"No ",14
1451,31,16642,8837,1146,Yes,16
1452,100,5982,5343,345,"No ",11
1453,94,14255,6728,878,"No ",12
1454,100,14369,6652,1120,"No ",13
1455,50,23333,4850,374,"No ",15
1456,52,2725,2809,1322,"No ",14
1457,80,24594,5689,1199,Yes,14
1458,98,12549,2001,1194,"No ",14
1459,62,8952,2977,287,"No ",12
1460,46,23679,4025,1378,Yes,13
1461,73,8489,3785,468,"No ",14
1462,39,16586,10854,410,Yes,13
1463,60,8828,12031,722,"No ",11
1464,74,3787,9936,325,"No ",19
1465,30,21378,2966,1167,"No ",18
1466,41,12290,2571,884,"No ",17
1467,42,21457,9991,613,"No ",15
1468,87,5174,6142,155,Yes,20
1469,63,13243,5390,1023,"No ",14
1470,82,10228,4404,628,"No ",12
