HourlyRate,MonthlyIncome,MonthlyRate,PercentSalaryHike,OverTime,StandardHours
94,5993,19479,11,Yes,80
61,5130,24907,23,No,80
92,2090,2396,15,Yes,80
56,2909,23159,11,Yes,80
40,3468,16632,12,No,80
79,3068,11864,13,No,80
81,2670,9964,20,Yes,80
67,2693,13335,22,No,80
44,9526,8787,21,No,80
94,5237,16577,13,No,80
84,2426,16479,13,No,80
49,4193,12682,12,Yes,80
31,2911,15170,17,No,80
93,2661,8758,11,No,80
50,2028,12947,14,Yes,80
51,9980,10195,11,No,80
80,3298,15053,12,Yes,80
96,2935,7324,13,Yes,80
78,15427,22021,16,No,80
45,3944,4306,11,Yes,80
96,4011,8232,18,No,80
82,3407,6986,23,No,80
53,11994,21293,11,No,80
96,1232,19281,14,No,80
83,2960,17102,11,No,80
58,19094,10735,11,No,80
72,3919,4681,22,Yes,80
48,6825,21173,11,No,80
42,10248,2094,14,No,80
83,18947,22822,12,No,80
78,2496,6670,11,No,80
41,6465,19121,13,Yes,80
83,2206,16117,13,No,80
56,2086,3335,14,No,80
61,2293,3020,16,Yes,80
72,2645,21923,12,No,80
86,2683,3810,14,Yes,80
97,2014,9687,13,No,80
82,3419,13072,14,Yes,80
42,5376,3193,19,No,80
75,1951,10910,12,No,80
33,2341,19715,13,No,80
48,2293,10558,12,No,80
37,8726,2975,15,No,80
58,4011,10781,23,No,80
49,19545,16280,12,No,80
72,4568,10034,20,No,80
73,3022,10227,21,No,80
98,5772,20445,21,Yes,80
36,2269,4892,19,No,80
98,5381,19294,13,Yes,80
50,3441,11179,13,Yes,80
75,5454,4009,21,Yes,80
79,9884,8302,13,Yes,80
47,4157,21436,19,Yes,80
98,13458,15146,12,Yes,80
71,9069,11031,22,No,80
30,4014,16002,15,Yes,80
48,5915,9528,22,No,80
51,5993,2689,18,No,80
33,6162,10877,22,Yes,80
50,2406,5456,11,No,80
43,18740,16701,12,Yes,80
99,7637,2354,11,No,80
59,10096,8202,13,No,80
33,14756,19730,14,Yes,80
95,6499,22656,13,No,80
59,9724,18787,17,No,80
79,2194,5868,13,No,80
79,3388,21777,17,Yes,80
57,5473,24668,11,No,80
76,2703,4956,23,No,80
87,2501,18775,17,No,80
66,6220,7346,17,No,80
55,3038,22002,12,No,80
61,4424,20682,23,No,80
32,4312,23016,14,No,80
52,13245,15067,14,Yes,80
30,13664,25258,13,No,80
80,5021,10425,22,Yes,80
55,5126,15998,12,Yes,80
30,2859,26278,18,No,80
70,10239,18092,14,No,80
79,5329,15717,12,Yes,80
94,4325,17736,15,No,80
49,7260,21698,11,No,80
62,2322,9518,13,No,80
96,2075,18725,23,No,80
99,4152,15830,19,No,80
64,9619,13596,16,No,80
78,13503,14115,22,No,80
71,5441,8423,22,Yes,80
63,5209,19760,12,Yes,80
40,10673,3142,13,Yes,80
87,5010,24301,16,No,80
60,13549,24001,12,No,80
33,4999,17519,21,No,80
43,4221,8863,15,No,80
37,13872,24409,13,No,80
67,2042,25043,12,No,80
63,2073,23648,22,Yes,80
71,2956,15178,13,No,80
66,2926,19783,18,Yes,80
41,4809,12482,14,No,80
100,5163,15850,14,No,80
32,18844,21922,21,No,80
73,18172,9755,19,Yes,80
46,5744,26959,11,Yes,80
64,2889,26897,11,No,80
59,2871,23785,15,No,80
30,7484,25796,20,No,80
66,6074,22887,24,Yes,80
30,17328,13871,12,Yes,80
52,2774,13257,12,No,80
45,4505,15000,15,No,80
87,7428,14506,12,No,80
45,11631,5615,12,No,80
92,9738,22952,14,No,80
39,2835,2561,22,No,80
92,16959,19494,12,Yes,80
96,2613,22310,25,No,80
95,6146,15480,13,No,80
72,4963,4510,18,Yes,80
51,19537,6462,13,No,80
76,6172,20739,18,Yes,80
46,2368,23300,19,No,80
94,10312,3465,12,No,80
50,1675,26820,19,Yes,80
100,2523,19299,14,No,80
96,6567,5549,14,No,80
72,4739,16090,12,No,80
77,9208,6645,11,No,80
71,4559,24788,11,Yes,80
96,8189,21196,13,Yes,80
61,2942,8916,23,No,80
84,4941,2819,20,No,80
53,10650,25150,15,No,80
47,5902,14590,14,No,80
41,8639,24835,18,No,80
48,6347,13982,19,Yes,80
41,4200,10224,22,No,80
83,3452,9752,13,No,80
32,4317,2302,20,Yes,80
75,2632,23910,14,No,80
35,4668,22812,17,No,80
84,3204,10415,14,No,80
35,2720,11162,13,No,80
91,17181,12888,13,No,80
94,2238,6961,21,No,80
79,1483,16102,14,No,80
54,5605,8504,11,No,80
94,7295,11439,13,No,80
34,2306,16047,20,Yes,80
60,2348,10901,18,No,80
43,8998,15589,14,No,80
41,4319,26283,13,No,80
34,6132,13983,17,No,80
75,3346,11873,20,Yes,80
67,10855,8552,11,No,80
75,2231,11314,18,No,80
80,2323,11992,24,No,80
57,2024,5970,18,No,80
42,2713,6672,11,No,80
83,9439,23402,16,Yes,80
79,2566,25326,15,Yes,80
53,19926,17053,15,No,80
56,2451,4609,12,No,80
41,9419,8053,12,No,80
59,8686,12930,22,No,80
43,3038,12430,20,No,80
51,3058,13364,16,Yes,80
100,2325,20989,21,No,80
30,2088,15062,12,No,80
66,3072,11012,11,No,80
30,5006,6319,11,Yes,80
67,4257,13939,18,Yes,80
90,2500,10515,14,No,80
47,1102,9241,22,No,80
92,10453,2137,25,No,80
75,2288,6319,12,No,80
95,3929,6984,23,Yes,80
95,2311,5711,15,No,80
70,3140,21728,22,Yes,80
86,3690,3425,15,No,80
57,4450,26250,11,No,80
72,2756,4673,13,No,80
46,19033,6499,14,No,80
61,18722,13339,11,No,80
45,9547,14074,17,No,80
98,13734,7192,18,No,80
65,19999,5678,14,No,80
99,2279,11781,16,No,80
50,5916,15497,13,Yes,80
37,2089,5228,14,No,80
65,16792,20462,23,No,80
65,3564,22977,12,Yes,80
37,4425,15986,11,No,80
36,5265,16439,16,No,80
88,6553,7259,14,No,80
54,6261,4185,18,No,80
60,4298,9679,19,No,80
92,6804,23793,15,Yes,80
43,3815,5972,17,Yes,80
99,2741,16523,15,Yes,80
70,6673,11354,19,Yes,80
35,7639,24525,22,No,80
60,2328,12392,16,Yes,80
73,2153,7703,13,No,80
63,4876,14242,14,No,80
97,9396,12368,16,No,80
32,10400,25812,11,No,80
88,8474,20925,22,No,80
90,9981,12916,14,No,80
81,12490,15736,16,No,80
88,2657,8556,11,Yes,80
75,13591,14674,18,Yes,80
52,6696,22967,15,No,80
85,2058,19757,14,No,80
57,8865,16840,12,No,80
52,5940,17011,14,No,80
62,5914,9945,16,No,80
47,2622,13248,21,No,80
47,12185,10056,14,Yes,80
76,10609,9647,12,No,80
90,4345,4381,12,No,80
70,2177,8456,17,No,80
41,2793,2539,17,No,80
42,7918,6599,14,No,80
92,8789,9096,14,No,80
86,2389,14961,13,Yes,80
89,3212,3300,15,No,80
58,19232,4933,11,No,80
52,2267,25657,17,No,80
68,19517,24118,11,No,80
58,2436,22149,13,Yes,80
80,16064,7744,22,Yes,80
39,2707,21509,20,No,80
79,19068,21030,18,Yes,80
56,3931,20990,11,No,80
62,3730,9571,14,Yes,80
96,2232,15417,14,No,80
100,4465,12069,18,No,80
36,3072,19877,16,No,80
62,3319,24447,17,No,80
70,19202,15970,11,No,80
73,13675,13523,12,No,80
63,2911,14776,13,No,80
84,5957,23687,13,No,80
83,3920,18697,14,No,80
77,6434,5118,17,No,80
61,10048,22573,11,No,80
64,10938,6420,25,No,80
60,2340,22673,19,No,80
82,6545,23016,13,Yes,80
45,6931,10732,14,No,80
62,4898,7505,12,No,80
56,2593,8007,11,Yes,80
49,19436,5949,19,No,80
96,2723,23231,11,No,80
71,3479,11652,11,No,80
100,2794,26062,20,No,80
39,5249,19682,18,No,80
84,2176,19737,13,No,80
75,16872,14977,12,Yes,80
79,3485,14935,11,No,80
78,6644,3687,19,No,80
64,5582,14408,21,No,80
85,4000,18384,12,No,80
79,13496,7501,14,Yes,80
47,3210,20251,11,No,80
81,19045,18938,14,Yes,80
88,11849,10268,12,Yes,80
94,2070,2613,23,No,80
98,6502,22825,14,No,80
100,3230,10531,17,No,80
80,13603,11677,18,Yes,80
71,11996,19100,18,No,80
44,5605,19191,24,Yes,80
84,6397,26767,20,No,80
96,19144,15815,14,No,80
45,17584,21016,16,Yes,80
99,4907,24532,25,No,80
44,4554,20260,18,No,80
37,5415,15972,19,Yes,80
60,4741,22722,13,Yes,80
42,2115,15881,12,No,80
43,3161,19920,22,Yes,80
82,5745,18899,14,No,80
45,2373,14180,13,Yes,80
66,3310,4488,21,No,80
35,18665,25594,11,Yes,80
30,4485,26285,12,No,80
84,2789,3909,11,No,80
48,5828,8450,12,Yes,80
53,2326,11411,12,Yes,80
77,13525,14864,14,No,80
54,1420,25233,13,No,80
96,8020,5100,15,No,80
81,3688,7122,18,No,80
84,5482,16321,18,No,80
88,16015,15896,19,No,80
69,1200,9724,12,No,80
68,5661,4824,19,No,80
100,6929,12241,11,No,80
48,9613,10942,17,No,80
47,5674,6927,15,No,80
91,5484,16985,14,No,80
81,12061,26707,17,No,80
32,5660,17056,13,Yes,80
86,4821,10077,12,Yes,80
62,6410,17822,12,No,80
97,5210,20308,18,No,80
32,2695,7747,18,Yes,80
74,11878,23364,11,No,80
99,17068,5355,14,Yes,80
33,2455,10675,19,No,80
90,13964,17810,12,Yes,80
85,4941,17747,15,No,80
85,2478,20938,12,Yes,80
65,5228,24624,11,Yes,80
74,4478,5242,11,Yes,80
73,7547,7143,12,No,80
74,5055,10557,16,No,80
84,3464,24737,13,Yes,80
64,5775,11934,13,No,80
48,8943,14034,24,No,80
54,19272,21141,15,No,80
41,5238,17778,18,Yes,80
46,4682,4317,14,No,80
42,18300,16375,11,No,80
82,5257,6227,11,No,80
73,6349,22107,13,Yes,80
31,4869,16885,12,No,80
43,9985,9262,16,No,80
75,3697,9278,14,No,80
57,7457,13273,22,Yes,80
77,2119,4759,11,Yes,80
30,3983,7621,17,No,80
30,6118,5431,13,No,80
56,6214,3415,18,No,80
61,6347,23177,16,No,80
92,11510,15682,14,Yes,80
39,7143,25713,14,Yes,80
39,8268,11866,14,Yes,80
62,8095,18264,13,No,80
83,2904,16092,12,No,80
95,6032,10110,15,Yes,80
99,2976,25751,19,No,80
44,15992,15901,14,No,80
61,4649,16928,14,No,80
52,2696,24017,11,Yes,80
75,2370,3956,13,No,80
91,12504,23978,21,No,80
51,5974,17001,13,Yes,80
85,4736,6069,12,Yes,80
57,5296,20156,17,No,80
98,6781,17078,23,No,80
99,2174,9150,11,Yes,80
45,6653,15276,15,No,80
48,9699,7246,11,No,80
88,6755,2967,11,No,80
46,2213,22495,13,Yes,80
39,2610,2851,24,No,80
34,2851,9150,13,Yes,80
98,3452,17663,20,No,80
30,5258,16044,14,No,80
56,9355,9558,18,No,80
100,10496,2755,15,No,80
68,6380,6110,12,Yes,80
42,2657,7551,16,Yes,80
90,2716,25422,15,No,80
54,2201,18168,16,No,80
97,6540,19394,19,No,80
82,3816,17881,11,No,80
92,5253,20750,16,No,80
31,10965,12066,24,No,80
87,4936,14862,11,No,80
96,2543,11868,13,No,80
67,5304,4652,13,Yes,80
97,16659,23258,13,Yes,80
77,4260,5915,12,Yes,80
72,2476,17434,18,No,80
73,3102,6582,22,No,80
43,2244,24440,13,No,80
61,7596,3809,13,No,80
40,2285,3427,23,Yes,80
95,3034,26914,12,No,80
46,5715,22553,12,No,80
95,2576,20490,16,No,80
49,4197,21123,12,Yes,80
59,14336,4345,11,No,80
78,3448,13436,22,No,80
86,19406,8509,11,No,80
72,6538,12740,15,No,80
31,4306,4156,12,No,80
61,2258,15238,20,No,80
74,4522,2227,14,Yes,80
99,4487,12090,11,Yes,80
72,4449,23866,15,Yes,80
98,2218,16193,12,No,80
52,19197,8213,14,Yes,80
86,13212,18256,11,No,80
83,6577,19558,11,No,80
49,8392,19566,16,No,80
79,4558,13535,12,No,80
91,4031,9396,13,No,80
39,7969,19609,14,Yes,80
69,2654,9655,21,No,80
30,16555,10310,13,No,80
92,4556,12932,11,No,80
43,6091,24793,20,No,80
41,19566,3854,11,No,80
87,4810,26314,14,No,80
88,4523,4386,11,No,80
62,3202,21972,16,Yes,80
33,2351,12253,16,No,80
42,1702,12106,23,Yes,80
79,18041,13022,14,No,80
90,2886,3032,22,No,80
53,2097,16734,15,No,80
93,11935,21526,18,No,80
71,2546,18300,16,No,80
52,2564,18437,12,No,80
69,8412,2890,11,No,80
56,14118,22102,12,No,80
88,17046,9314,15,No,80
49,2564,7181,14,No,80
80,10266,2845,19,No,80
65,5070,7389,13,No,80
51,17861,2288,13,No,80
46,4230,19225,15,No,80
42,3780,23428,11,No,80
62,2768,8416,12,No,80
94,9071,11563,19,Yes,80
33,10648,14394,25,No,80
56,13610,24619,12,Yes,80
38,3408,6705,13,No,80
57,2983,18398,14,No,80
72,7632,14295,12,Yes,80
66,9824,22908,12,No,80
43,9950,11533,15,Yes,80
97,2093,9260,17,No,80
32,9980,15318,14,No,80
99,3894,9129,16,No,80
37,4051,19658,14,No,80
83,16835,9873,23,No,80
56,6230,13430,14,No,80
85,4717,18659,11,No,80
75,13237,20364,15,No,80
48,3755,17872,11,No,80
77,6582,8346,13,Yes,80
56,7406,6950,21,Yes,80
61,4805,16177,19,No,80
58,2741,22808,11,Yes,80
34,4262,22645,12,No,80
95,16184,22578,19,No,80
44,11557,25291,21,No,80
69,1878,8059,14,Yes,80
58,10932,11373,15,No,80
62,6811,2112,17,Yes,80
45,4306,4267,12,No,80
80,4859,6698,16,No,80
74,5337,19921,12,No,80
66,2340,23213,18,Yes,80
59,7491,23848,17,No,80
86,10527,8984,11,No,80
91,16595,5626,16,No,80
69,8834,24666,13,No,80
78,5577,22087,12,Yes,80
60,4707,23914,12,No,80
38,2400,5530,13,No,80
76,9824,22174,19,No,80
65,6447,15701,12,No,80
58,19502,2125,17,Yes,80
89,2725,21630,11,Yes,80
66,6272,7428,20,No,80
94,2127,9100,21,No,80
99,18200,7999,11,No,80
40,2096,26376,11,No,80
55,2886,14168,16,Yes,80
74,2033,14470,18,No,80
83,3622,22794,13,Yes,80
46,4233,11512,17,No,80
54,3681,14004,14,No,80
66,5460,6219,22,No,80
66,2187,5013,12,No,80
75,9602,3010,11,Yes,80
83,2836,11757,13,No,80
81,4089,5718,13,No,80
50,16627,2671,14,Yes,80
43,2619,14561,17,No,80
72,5679,19627,13,Yes,80
40,15402,17997,11,No,80
50,5985,26894,11,No,80
31,2579,2912,18,Yes,80
85,3041,16346,11,No,80
49,3447,24444,11,No,80
35,19513,9358,12,Yes,80
69,2773,12145,20,No,80
39,7104,20431,12,No,80
92,6322,18089,12,Yes,80
71,2083,22653,20,No,80
34,8381,7507,20,No,80
42,2691,7660,12,No,80
100,4286,5630,14,No,80
71,2659,17759,13,Yes,80
36,9434,9606,15,No,80
62,5561,3487,14,No,80
82,6646,19368,13,No,80
30,7725,5335,23,No,80
88,10725,6729,15,No,80
48,8847,13934,11,Yes,80
54,2045,15174,13,No,80
32,1009,26999,11,Yes,80
70,3348,3164,11,Yes,80
41,1281,16900,18,No,80
58,2819,8544,16,No,80
57,4851,15678,22,No,80
46,4028,7791,20,No,80
76,2720,18959,18,No,80
56,8120,18597,12,No,80
71,4647,16673,20,Yes,80
80,4680,15232,17,No,80
74,3221,3297,11,Yes,80
46,8621,17654,14,No,80
65,4577,24785,14,No,80
80,4553,20978,11,No,80
55,5396,21703,12,No,80
50,6796,23452,14,Yes,80
33,7625,19383,13,No,80
68,7412,6009,11,No,80
39,11159,19373,15,No,80
42,4960,11825,12,No,80
48,10475,23772,21,Yes,80
59,14814,13514,19,No,80
73,19141,8861,15,No,80
84,5405,11924,14,No,80
32,8793,4809,21,No,80
59,19189,19562,12,No,80
54,3875,9983,15,No,80
67,2216,3872,13,Yes,80
63,11713,20335,14,No,80
81,7861,15397,14,Yes,80
49,3708,2104,14,No,80
49,13770,10225,12,Yes,80
99,5304,25275,23,No,80
99,2642,2755,11,No,80
57,2759,20366,12,Yes,80
47,6804,23683,18,No,80
96,6142,7360,11,No,80
37,2500,4344,14,No,80
44,6389,18767,15,No,80
81,11103,20420,11,No,80
86,2342,22929,20,Yes,80
55,6811,23398,19,No,80
83,2297,17967,14,No,80
86,2450,10919,17,No,80
61,5093,4761,11,No,80
80,5309,21146,15,No,80
92,3057,20471,13,Yes,80
32,5121,4187,14,No,80
31,16856,10084,11,No,80
63,2686,5207,13,Yes,80
32,6180,22807,23,No,80
46,6632,12388,13,No,80
79,3505,19630,18,No,80
77,6397,10339,12,Yes,80
60,6274,18686,22,No,80
78,19859,21199,13,Yes,80
76,7587,14229,15,No,80
41,4258,26589,18,No,80
71,4364,5288,14,No,80
66,4335,25549,12,No,80
38,5326,3064,17,No,80
72,3280,13551,16,No,80
95,5485,22670,11,Yes,80
84,4342,24008,19,No,80
82,2782,19905,13,Yes,80
75,5980,26085,12,Yes,80
86,4381,7530,11,No,80
72,2572,20317,16,No,80
38,3833,24375,21,No,80
38,4244,9931,24,No,80
93,6500,13305,17,No,80
66,18430,16225,13,No,80
63,1601,3445,21,Yes,80
60,2694,26551,11,No,80
82,3149,21821,20,No,80
64,17639,6881,16,No,80
36,2319,6689,11,Yes,80
49,11691,25995,11,No,80
69,5324,26507,15,No,80
33,16752,12982,11,Yes,80
35,5228,23361,15,No,80
81,2700,23779,24,No,80
31,19246,25761,12,Yes,80
40,2506,13301,13,No,80
43,6062,4051,13,Yes,80
46,4382,16374,17,No,80
36,2143,25527,13,No,80
98,6162,19124,12,No,80
51,5094,11983,14,No,80
52,6877,20234,24,Yes,80
95,2274,6153,14,No,80
98,4434,11806,13,No,80
45,6288,4284,15,No,80
100,2553,8306,16,No,80
43,7654,5860,18,No,80
37,5160,21519,16,No,80
94,17159,5200,24,No,80
42,12808,8842,16,Yes,80
59,10221,18869,21,No,80
81,4779,3698,20,Yes,80
88,3737,2243,19,No,80
88,2366,20898,14,Yes,80
50,1706,16571,11,No,80
66,16307,5594,14,No,80
50,5933,5197,12,No,80
65,3424,21632,13,No,80
48,4037,21816,22,No,80
53,2559,17852,11,No,80
56,6201,2823,14,Yes,80
73,4403,9250,11,No,80
75,3761,2373,12,No,80
78,10934,20715,18,Yes,80
74,10761,19239,12,Yes,80
91,5175,22162,12,No,80
81,13826,19028,22,No,80
66,6334,24558,19,No,80
63,4936,23965,13,No,80
33,4775,19146,22,No,80
62,2818,5044,24,Yes,80
35,2515,9068,14,Yes,80
77,2342,8635,21,No,80
98,4194,14363,18,Yes,80
66,10685,23457,20,Yes,80
96,2022,16612,19,Yes,80
61,2314,9148,12,No,80
87,4256,18154,12,No,80
36,3580,10554,16,No,80
46,3162,10778,17,No,80
48,6524,8891,14,No,80
98,2899,12102,19,No,80
95,5231,23726,13,Yes,80
48,2356,14871,19,Yes,80
48,2800,23522,19,Yes,80
73,11836,22789,14,No,80
78,10903,9129,16,No,80
54,2973,21222,15,No,80
72,14275,20206,18,No,80
33,5562,21782,13,No,80
35,4537,17783,22,Yes,80
32,7642,4814,13,Yes,80
98,17924,4544,11,No,80
42,5204,7790,11,No,80
57,2277,22650,11,Yes,80
87,2795,18016,24,Yes,80
62,2532,6054,14,No,80
61,2559,7508,13,Yes,80
98,4908,24252,14,No,80
57,2380,13384,14,Yes,80
55,4765,23814,21,No,80
49,2044,22052,13,No,80
65,2693,8870,19,No,80
68,6586,4821,17,Yes,80
65,3294,13137,18,Yes,80
34,4171,10022,19,Yes,80
57,2778,17725,13,Yes,80
77,2377,9834,18,No,80
70,2404,4303,21,Yes,80
76,2318,17808,19,No,80
83,2008,6896,14,No,80
68,6244,7824,17,No,80
100,2799,3339,11,Yes,80
37,10552,9255,13,Yes,80
41,2329,11737,15,No,80
51,4014,19170,25,Yes,80
51,7403,22477,11,No,80
51,2259,5543,17,No,80
45,6932,24406,13,No,80
65,4678,23293,18,No,80
80,13582,16292,13,No,80
70,2332,3974,20,No,80
36,2413,18798,18,Yes,80
67,9705,20652,12,No,80
52,4294,11148,12,No,80
59,4721,3119,13,Yes,80
79,2519,12287,21,No,80
37,2121,9947,13,Yes,80
84,2973,13008,19,No,80
41,5855,17369,11,Yes,80
35,3617,25063,14,Yes,80
93,6725,13554,12,No,80
51,10325,5518,11,Yes,80
42,6949,12291,14,No,80
46,10609,14922,11,No,80
57,4447,23163,12,No,80
84,2157,18203,15,No,80
86,4601,6179,16,No,80
70,17099,13829,15,No,80
51,2479,26227,24,No,80
45,14852,13938,13,No,80
62,7264,9977,11,No,80
85,5666,19899,13,Yes,80
92,7823,6812,13,No,80
41,7880,2560,18,No,80
100,13194,17071,16,Yes,80
64,5067,6759,19,Yes,80
84,5079,25952,13,No,80
46,2321,10322,22,Yes,80
38,17444,20489,11,No,80
92,2404,11479,20,Yes,80
53,3452,17241,18,No,80
91,2270,11005,14,No,80
66,17399,6615,22,No,80
84,5488,20161,13,Yes,80
64,19419,3735,17,No,80
37,2811,12086,14,No,80
42,3633,14039,15,Yes,80
83,4163,8571,17,Yes,80
48,2132,11539,11,Yes,80
95,13973,4161,18,Yes,80
66,2684,12127,17,No,80
75,10845,24208,13,No,80
41,4377,24117,15,No,80
39,3743,10074,24,Yes,80
96,4148,11275,12,No,80
73,1051,13493,15,No,80
56,10739,13943,11,No,80
57,10388,6975,11,Yes,80
73,11416,17802,12,Yes,80
98,2600,18275,15,Yes,80
60,2422,25725,17,No,80
32,5472,3334,12,No,80
94,2451,6881,15,No,80
97,4240,13119,13,No,80
78,10999,22245,14,No,80
42,5003,23371,14,No,80
65,12742,7060,16,No,80
47,4227,4658,18,No,80
45,3917,9541,20,No,80
90,18303,7770,13,No,80
64,2380,20165,18,No,80
69,13726,21829,13,Yes,80
61,4777,14382,15,No,80
62,6385,12992,14,Yes,80
55,19973,20284,22,No,80
42,6861,4981,12,Yes,80
79,4969,21813,18,No,80
57,19845,25846,15,No,80
53,13320,11737,18,Yes,80
95,6347,24920,12,No,80
43,2743,8269,16,No,80
82,10880,5083,13,Yes,80
88,2342,21437,19,No,80
90,17650,5404,13,No,80
69,4025,11135,12,No,80
75,9725,12278,11,No,80
66,11904,11038,14,Yes,80
36,2177,8318,16,No,80
38,7525,23537,12,No,80
81,4834,7858,14,No,80
57,2042,15346,14,Yes,80
87,2220,18410,19,Yes,80
74,1052,23384,22,No,80
44,2821,2997,16,No,80
62,19237,12853,11,Yes,80
35,4107,13848,15,No,80
74,8396,22217,14,No,80
66,2007,25265,13,No,80
40,19627,21445,17,No,80
41,10686,8392,11,No,80
63,2942,12154,19,No,80
51,8858,15669,11,No,80
40,16756,17323,15,No,80
79,10798,5268,13,No,80
54,2323,17205,14,Yes,80
36,1416,17258,13,No,80
74,4615,21029,23,Yes,80
34,2461,10332,12,Yes,80
72,8722,12355,12,No,80
59,3955,11141,16,No,80
85,9957,9096,15,No,80
43,3376,18863,13,No,80
65,8823,24608,18,No,80
61,10322,26542,20,No,80
87,4621,5869,19,No,80
65,10976,15813,18,No,80
59,3660,7909,13,No,80
91,10482,2326,14,No,80
34,7119,21214,15,No,80
86,9582,10333,22,Yes,80
54,4508,3129,22,No,80
50,2207,22482,16,No,80
45,7756,22266,17,No,80
88,6694,24223,14,Yes,80
32,3691,4605,15,Yes,80
37,2377,19373,20,No,80
55,2313,2993,20,Yes,80
35,17665,14399,17,No,80
45,2596,7160,15,No,80
81,4728,17251,14,Yes,80
30,4302,13401,17,No,80
40,2979,22478,17,No,80
35,16885,16154,22,No,80
65,5593,17970,13,No,80
87,10445,15322,19,No,80
73,8740,5569,14,Yes,80
93,2514,26968,22,No,80
93,7655,8039,17,No,80
52,17465,15596,12,No,80
32,7351,20619,16,No,80
83,10820,11535,11,No,80
84,12169,13547,11,No,80
44,19626,17544,14,No,80
70,2070,25326,11,Yes,80
70,6782,8770,15,No,80
78,7779,23238,20,No,80
67,2791,21981,12,No,80
67,3201,19911,17,No,80
54,4968,18500,11,No,80
56,13120,11879,17,No,80
95,4033,15834,11,No,80
61,3291,17940,14,No,80
56,4272,9558,19,No,80
79,5056,17689,15,Yes,80
37,2844,6004,13,No,80
39,2703,22088,14,Yes,80
80,1904,13556,12,No,80
77,8224,18385,17,Yes,80
46,4766,9051,11,Yes,80
72,2610,6233,12,No,80
52,5731,17171,13,No,80
55,2539,7950,13,No,80
70,5714,5829,20,No,80
100,4323,7108,17,No,80
45,7336,11162,13,No,80
88,13499,13782,17,No,80
44,13758,2447,12,Yes,80
45,5155,2253,13,No,80
58,2258,16340,12,No,80
49,3597,6409,22,No,80
79,2515,22955,11,Yes,80
82,4420,13421,22,No,80
72,6578,2706,18,No,80
92,4422,21203,13,Yes,80
44,10274,19588,18,No,80
97,5343,25755,20,No,80
47,2376,26537,13,No,80
85,5346,9489,13,No,80
76,2827,14947,12,No,80
92,19943,18575,13,No,80
54,3131,26342,13,No,80
54,2552,7172,25,No,80
83,4477,20100,19,Yes,80
56,6474,9961,13,No,80
87,3033,12828,12,No,80
96,2936,10826,11,Yes,80
50,18606,18640,18,No,80
69,2168,26933,18,Yes,80
48,2853,4223,11,Yes,80
69,17048,24097,23,No,80
74,2290,4279,13,No,80
99,3600,8429,13,No,80
95,2107,20293,17,No,80
61,4115,13192,19,No,80
62,4327,25440,12,No,80
30,17856,9490,22,No,80
78,3196,12449,12,No,80
52,19081,10849,11,No,80
94,8966,21026,15,Yes,80
97,2210,3372,13,No,80
82,4539,4905,12,No,80
60,2741,6865,14,No,80
49,3491,11309,13,No,80
32,4541,7744,25,No,80
43,2678,5050,17,No,80
60,7379,17433,11,No,80
79,6272,12858,16,No,80
52,5220,10893,18,Yes,80
77,2743,7331,20,No,80
38,4998,2338,14,Yes,80
77,10252,4235,21,Yes,80
60,2781,6311,13,No,80
84,6852,11591,12,No,80
57,4950,20623,14,No,80
63,3579,9369,21,Yes,80
60,13191,23281,17,Yes,80
78,10377,13755,11,Yes,80
42,2235,14377,14,Yes,80
53,10502,9659,17,No,80
72,2011,19982,13,No,80
96,1859,6148,25,Yes,80
97,3760,5598,15,No,80
85,17779,23474,14,No,80
80,6833,17089,12,Yes,80
96,6812,17198,19,No,80
48,5171,16490,17,No,80
96,19740,18625,14,No,80
85,18711,12124,13,No,80
46,3692,9256,12,No,80
76,2559,16620,11,No,80
76,2517,3208,11,No,80
82,6623,4204,11,Yes,80
76,18265,8733,12,No,80
87,16124,3423,14,No,80
89,2585,21643,17,No,80
88,18213,8751,11,No,80
82,8380,21708,14,Yes,80
57,2994,21221,12,Yes,80
47,1223,16901,22,No,80
73,1118,8040,14,Yes,80
53,2875,9973,20,Yes,80
94,18824,2493,16,Yes,80
37,13577,25592,15,Yes,80
45,2625,25308,20,No,80
33,18789,9946,14,No,80
86,4538,6039,12,Yes,80
83,19847,19196,24,Yes,80
67,10512,20002,12,No,80
46,4444,22534,13,No,80
44,2154,6842,11,Yes,80
92,19190,17477,14,No,80
56,4490,21833,11,No,80
66,3506,6020,14,Yes,80
78,2372,5628,16,Yes,80
56,10231,20364,14,No,80
53,5410,2323,11,Yes,80
73,7978,14075,11,No,80
52,3867,14222,12,Yes,80
40,2838,4257,14,No,80
72,4695,12858,18,Yes,80
39,3339,17285,13,Yes,80
84,2080,4732,11,No,80
40,2096,18830,18,No,80
56,6209,11693,15,No,80
83,18061,13035,22,No,80
94,17123,17334,13,Yes,80
88,2372,26076,12,No,80
79,4883,22845,18,No,80
93,3904,22154,13,No,80
48,4627,23631,12,No,80
63,7094,5747,12,No,80
44,3423,22957,12,No,80
55,6674,16392,11,No,80
43,16880,22422,11,Yes,80
57,9094,17235,12,Yes,80
64,8446,21534,19,Yes,80
95,11916,25927,23,Yes,80
32,4534,13352,11,No,80
57,9852,8935,19,Yes,80
40,6151,22074,13,No,80
54,2302,8319,11,Yes,80
89,2362,14669,12,No,80
37,17861,26582,13,Yes,80
58,19187,6992,14,No,80
99,19717,4022,14,No,80
74,3544,8532,16,No,80
86,8500,5494,11,No,80
98,4661,22455,13,No,80
66,4103,4297,17,No,80
87,4249,2690,11,Yes,80
84,14026,17588,11,Yes,80
31,6893,19461,15,No,80
66,6125,23553,12,No,80
67,3669,9075,11,No,80
53,10008,12023,14,Yes,80
88,2387,6762,22,No,80
83,4639,2261,16,No,80
54,7898,18706,11,No,80
98,2534,6527,14,No,80
82,13142,24439,16,No,80
97,1611,19305,15,No,80
60,5363,10846,12,No,80
43,5071,20392,20,No,80
85,13695,9277,17,Yes,80
68,13402,18235,12,Yes,80
92,2029,15891,20,No,80
89,6377,13888,20,No,80
86,5429,17491,13,No,80
90,2785,11882,14,No,80
67,4614,23288,18,Yes,80
57,2610,15748,11,No,80
98,6687,6163,11,No,80
48,4724,24232,11,No,80
98,6179,21057,15,Yes,80
44,6120,3567,12,Yes,80
52,10596,15395,11,No,80
75,5467,13953,14,Yes,80
54,2996,5182,15,Yes,80
61,9998,19293,13,No,80
36,4078,20497,13,Yes,80
71,10920,3449,21,No,80
93,6232,12477,11,No,80
59,13247,9731,11,Yes,80
73,4081,20003,14,Yes,80
98,5769,7100,11,Yes,80
51,2394,25681,13,Yes,80
36,3904,4050,12,No,80
31,16799,16616,14,No,80
54,2950,17363,13,No,80
94,3629,19106,18,No,80
60,9362,19944,11,No,80
81,3229,4910,11,No,80
100,3578,23577,12,No,80
51,7988,9769,13,No,80
97,4284,22710,20,No,80
84,7553,22930,12,Yes,80
54,17328,5652,19,No,80
76,19701,22456,21,Yes,80
81,14732,12414,13,No,80
99,9278,20763,16,Yes,80
50,1359,16154,12,No,80
73,4779,12761,14,No,80
93,16422,8847,11,No,80
91,2996,20284,14,No,80
34,1261,22262,12,No,80
91,2099,7679,14,No,80
37,5810,22604,16,No,80
98,5647,13494,13,No,80
74,3420,10205,12,No,80
68,4400,15182,12,No,80
84,3500,25470,14,No,80
90,2066,10494,22,No,80
82,17169,26703,19,No,80
42,4162,15211,12,Yes,80
97,9204,23343,12,No,80
86,3294,3708,17,No,80
90,2127,5561,12,Yes,80
81,3975,23099,11,No,80
31,10793,8386,18,No,80
52,10096,15986,11,No,80
54,3646,17181,23,Yes,80
100,7446,8931,11,No,80
95,10851,19863,18,Yes,80
96,2109,24609,18,No,80
94,3722,21081,13,Yes,80
55,9380,14720,18,Yes,80
96,5486,24795,11,No,80
52,2742,3072,15,No,80
55,13757,25178,11,No,80
84,8463,23490,18,No,80
90,3162,7973,14,No,80
39,16598,19764,12,No,80
96,6651,21534,14,No,80
68,2345,8045,14,No,80
49,3420,21158,13,No,80
54,4373,17456,14,No,80
81,4759,15891,18,No,80
96,5301,2939,15,No,80
74,3673,16458,13,No,80
79,4768,9282,12,No,80
64,1274,7152,13,No,80
93,4900,2721,24,No,80
35,10466,20948,14,No,80
71,17007,11929,14,No,80
92,2909,15747,15,No,80
51,5765,17485,11,No,80
40,4599,7815,23,Yes,80
76,2404,16192,13,No,80
89,3172,16998,11,Yes,80
78,2033,7103,13,No,80
86,10209,19719,18,Yes,80
77,8620,23757,14,No,80
46,2064,15428,21,No,80
30,4035,16143,16,Yes,80
82,3838,8192,11,No,80
78,4591,24200,17,Yes,80
38,2561,5355,11,No,80
72,1563,12530,14,No,80
55,4898,11827,14,No,80
43,4789,23070,25,No,80
97,3180,4668,13,No,80
96,6549,3173,14,No,80
69,6388,22049,17,Yes,80
64,11244,21072,25,No,80
87,16032,24456,20,No,80
100,2362,7568,13,No,80
32,16328,22074,13,No,80
32,8376,9150,18,No,80
51,16606,11380,12,No,80
91,8606,21195,19,No,80
97,2272,24812,14,No,80
86,2018,21831,14,No,80
64,7083,12288,14,Yes,80
33,4084,4156,12,No,80
88,14411,24450,13,Yes,80
55,2308,4944,25,Yes,80
68,4841,24052,14,No,80
47,4285,3031,17,No,80
39,9715,7288,13,No,80
44,4320,24152,13,No,80
97,2132,4585,20,No,80
40,10124,18611,14,Yes,80
47,5473,19345,12,No,80
79,5207,22949,12,Yes,80
38,16437,17381,21,Yes,80
57,2296,10036,14,No,80
72,4069,8841,18,Yes,80
66,7441,20933,12,No,80
98,2430,26204,23,No,80
67,5878,15624,12,No,80
70,2644,17001,21,Yes,80
96,6439,13693,14,No,80
91,2451,22376,18,No,80
46,6392,10589,13,No,80
64,9714,5323,11,No,80
71,6077,14814,11,No,80
68,2450,21731,19,No,80
33,9250,17799,12,No,80
69,2074,26619,12,Yes,80
78,10169,14618,16,No,80
81,4855,7653,11,No,80
62,4087,25174,14,No,80
65,2367,16530,12,No,80
35,2972,22061,13,No,80
60,19586,23037,21,No,80
45,5484,13008,17,No,80
89,2061,11133,21,No,80
80,9924,12355,11,No,80
90,4198,16379,12,No,80
73,6815,21447,13,No,80
87,4723,16213,18,Yes,80
51,6142,4223,16,Yes,80
38,8237,4658,11,No,80
87,8853,24483,19,No,80
59,19331,19519,16,Yes,80
45,2073,12826,16,No,80
80,5562,19711,13,Yes,80
93,19613,26362,22,No,80
46,3407,25348,17,No,80
92,5063,15332,14,No,80
84,4639,11262,15,No,80
87,4876,5855,12,No,80
63,2690,7713,18,No,80
56,17567,3156,15,No,80
51,2408,7324,17,Yes,80
85,2814,10293,14,Yes,80
41,11245,20689,15,Yes,80
35,3312,18783,17,No,80
31,19049,3549,14,Yes,80
48,2141,5348,12,No,80
50,5769,23447,14,Yes,80
52,4385,24162,15,No,80
54,5332,21602,13,No,80
76,4663,12421,12,Yes,80
42,4724,17000,13,No,80
84,3211,22102,14,No,80
76,5377,3835,13,No,80
67,4066,16290,11,No,80
48,5208,26312,11,No,80
39,4877,20460,21,No,80
97,3117,26009,18,No,80
70,1569,18420,12,Yes,80
98,19658,5220,11,No,80
76,3069,10302,15,No,80
80,10435,25800,13,No,80
52,4148,12250,12,No,80
85,5768,26493,17,No,80
81,5042,3140,13,No,80
59,5770,5388,19,No,80
54,7756,14199,19,Yes,80
55,10306,21530,17,No,80
71,3936,9953,11,No,80
84,7945,19948,15,Yes,80
37,5743,10503,11,Yes,80
89,15202,5602,25,No,80
59,5440,22098,14,Yes,80
32,3760,17218,13,Yes,80
86,3517,22490,17,No,80
87,2580,6297,13,No,80
73,2166,3339,14,Yes,80
42,5869,23413,11,No,80
42,8008,22792,12,No,80
77,5206,4973,17,No,80
66,5295,7693,21,No,80
72,16413,3498,16,No,80
50,13269,21981,15,No,80
31,2783,13251,19,No,80
66,5433,19332,12,No,80
77,2013,10950,11,No,80
41,13966,11652,19,Yes,80
33,4374,15411,15,No,80
79,6842,26308,20,No,80
91,17426,18685,25,No,80
65,17603,3525,24,No,80
36,4581,10414,24,Yes,80
90,4735,9867,15,No,80
43,4187,3356,13,Yes,80
93,5505,3921,14,No,80
45,5470,25518,13,No,80
67,5476,22589,11,No,80
74,2587,24941,16,Yes,80
42,2440,23826,22,No,80
47,15972,21086,14,No,80
36,15379,22384,14,No,80
80,7082,11591,16,Yes,80
54,2728,21082,11,No,80
36,5368,16130,25,Yes,80
80,5347,7419,14,No,80
44,3195,4167,18,Yes,80
93,3989,20586,11,Yes,80
87,3306,26176,19,No,80
48,7005,3458,15,No,80
95,2655,11740,11,Yes,80
95,1393,24852,12,No,80
76,2570,11925,20,No,80
94,3537,23737,12,No,80
57,3986,11912,14,No,80
92,10883,20467,20,No,80
79,2028,13637,18,No,80
31,9525,7677,14,No,80
35,2929,20338,12,No,80
99,2275,25103,21,Yes,80
96,7879,14810,19,Yes,80
79,4930,13970,14,Yes,80
73,7847,6069,17,Yes,80
62,4401,17616,16,No,80
35,9241,15869,12,No,80
43,2974,25412,17,No,80
51,4502,7439,15,No,80
74,10748,3395,23,No,80
58,1555,11585,11,No,80
82,12936,24164,11,No,80
62,2305,6217,15,No,80
48,16704,17119,11,No,80
56,3433,17360,13,No,80
69,3477,18103,14,No,80
60,6430,20794,19,No,80
92,6516,5041,16,Yes,80
91,3907,3622,13,No,80
34,5562,9697,14,No,80
49,6883,5151,16,No,80
33,2862,3811,12,No,80
87,4978,3536,11,No,80
74,10368,5596,12,Yes,80
96,6134,8658,13,Yes,80
34,6735,12147,15,No,80
51,3295,12862,13,No,80
30,5238,6670,20,No,80
77,6472,8989,15,Yes,80
80,9610,3840,13,No,80
88,19833,4349,14,No,80
56,9756,6595,21,No,80
78,4968,26427,16,No,80
59,2145,2097,14,No,80
66,2180,9732,11,No,80
51,8346,20943,19,No,80
67,3445,6152,11,No,80
52,2760,14630,13,No,80
70,6294,23060,12,Yes,80
94,7140,3088,11,No,80
97,2932,5586,14,Yes,80
62,5147,10697,15,No,80
80,4507,8191,12,No,80
74,8564,10092,20,Yes,80
75,2468,15963,14,No,80
70,8161,19002,13,No,80
91,2109,10007,13,No,80
58,5294,9128,16,No,80
65,2718,17674,14,No,80
60,5811,24539,16,Yes,80
38,2437,15587,16,Yes,80
57,2766,8952,22,No,80
60,19038,19805,12,No,80
90,3055,6194,15,No,80
94,2289,20520,20,No,80
87,4001,12313,14,Yes,80
60,12965,22308,20,Yes,80
97,3539,5033,13,No,80
32,6029,25353,12,No,80
31,2679,4567,13,No,80
40,3702,16376,11,No,80
79,2398,15999,17,Yes,80
91,5468,13402,14,No,80
53,13116,22984,11,No,80
46,4189,8800,14,No,80
46,19328,14218,17,Yes,80
90,8321,25949,13,Yes,80
99,2342,11092,12,Yes,80
89,4071,12832,13,No,80
84,5813,13492,18,Yes,80
90,3143,6076,19,No,80
82,2044,5531,11,No,80
65,13464,7914,21,No,80
98,7991,25166,15,No,80
99,3377,25605,17,No,80
95,5538,5696,18,No,80
90,5762,24442,14,No,80
100,2592,7129,13,No,80
93,5346,6208,17,No,80
58,4213,4992,15,No,80
83,4127,19188,18,No,80
52,2438,24978,13,No,80
85,6870,15530,12,No,80
81,10447,26458,13,Yes,80
64,9667,2739,14,No,80
69,2148,6889,11,Yes,80
66,8926,10842,22,No,80
52,6513,9060,17,No,80
92,6799,22128,21,No,80
52,16291,22577,22,No,80
91,2705,9696,16,No,80
92,10333,19271,12,Yes,80
47,4448,10748,12,No,80
68,6854,15696,15,No,80
68,9637,8277,14,No,80
67,3591,12719,25,No,80
77,5405,4244,20,Yes,80
46,4684,9125,13,No,80
87,15787,21624,14,Yes,80
33,1514,8018,16,No,80
89,2956,21495,17,No,80
56,2335,3157,15,Yes,80
67,5154,19665,22,No,80
73,6962,19573,22,Yes,80
92,5675,19246,20,No,80
53,2379,19826,14,Yes,80
40,3812,7003,13,No,80
79,4648,26075,13,No,80
38,2936,6161,22,No,80
64,2105,5411,12,No,80
82,8578,19989,14,No,80
43,2706,10494,15,No,80
93,6384,21143,17,No,80
81,3968,13624,13,No,80
82,9907,26186,12,Yes,80
45,13225,7739,12,No,80
36,3540,7018,21,No,80
87,2804,15434,11,No,80
81,19392,22539,13,No,80
91,19665,13583,12,No,80
73,2439,14753,24,Yes,80
64,7314,14011,21,No,80
77,4774,23844,19,No,80
41,3902,5141,14,No,80
98,2662,7975,20,No,80
78,2856,3692,19,No,80
89,1081,16019,13,No,80
75,2472,26092,23,Yes,80
63,5673,6060,13,Yes,80
89,4197,18624,11,No,80
64,9713,24444,13,Yes,80
59,2062,19384,14,No,80
78,4284,13588,22,Yes,80
44,4788,25388,11,Yes,80
93,5906,23888,13,No,80
94,3886,4223,21,No,80
98,16823,18991,11,No,80
90,2933,14908,13,Yes,80
89,6500,26997,14,No,80
58,17174,2437,11,No,80
78,5033,9364,15,No,80
85,2307,14460,23,Yes,80
97,2587,10261,16,No,80
33,5507,16822,16,No,80
54,4393,26841,21,No,80
83,13348,14842,13,No,80
86,6583,20115,11,Yes,80
75,8103,16495,12,Yes,80
62,3978,16031,12,No,80
61,2544,7102,18,No,80
44,5399,14511,12,No,80
43,5487,10410,14,No,80
42,6834,19255,12,Yes,80
45,1091,10642,17,No,80
32,5736,3987,19,No,80
41,2226,6073,11,No,80
86,5747,26496,15,Yes,80
84,9854,23352,11,Yes,80
64,5467,2125,18,No,80
89,5380,20328,16,No,80
87,5151,12315,25,No,80
58,2133,18115,16,Yes,80
72,17875,11761,13,Yes,80
47,2432,15318,14,Yes,80
71,4771,14293,19,No,80
42,19161,13738,15,No,80
77,5087,2900,12,Yes,80
58,2863,19555,12,No,80
71,5561,15975,16,No,80
49,2144,2122,14,No,80
48,3065,3995,13,Yes,80
66,2810,9238,22,No,80
32,9888,6770,21,No,80
39,8628,22914,18,No,80
95,2867,20006,13,No,80
89,5373,6225,12,No,80
34,6667,16542,18,No,80
48,5003,5771,21,No,80
32,2367,18779,12,No,80
59,2858,11473,14,No,80
55,5204,13586,11,Yes,80
44,4105,5099,14,No,80
56,9679,10138,24,No,80
63,5617,21075,11,Yes,80
66,10448,5843,13,Yes,80
67,2897,22474,11,No,80
36,5968,18079,20,No,80
30,7510,16873,17,No,80
88,2991,5224,11,Yes,80
71,19636,25811,18,Yes,80
59,1129,17536,11,Yes,80
77,13341,25098,12,No,80
37,4332,14811,12,No,80
40,11031,26862,20,No,80
77,4440,25198,19,Yes,80
45,4617,14120,12,No,80
78,2647,13672,13,No,80
73,6323,26849,11,No,80
92,5677,4258,14,No,80
82,2187,19655,14,No,80
76,3748,4077,13,No,80
57,3977,7298,19,Yes,80
84,8633,13084,23,No,80
59,2008,20439,12,No,80
86,4440,7636,15,No,80
54,3067,6393,19,No,80
72,5321,14284,11,No,80
35,5410,11189,17,Yes,80
76,2782,21412,22,No,80
98,11957,17231,18,No,80
43,2660,20232,11,Yes,80
63,3375,17624,12,No,80
48,5098,18698,19,No,80
95,4878,21653,13,Yes,80
49,2837,15919,13,No,80
83,2406,4060,19,No,80
68,2269,18024,14,No,80
52,4108,5340,13,No,80
99,13206,3376,12,No,80
48,10422,24032,19,No,80
42,13744,15471,25,Yes,80
85,4907,13684,22,Yes,80
40,3482,19788,15,No,80
42,2436,13422,12,Yes,80
58,2380,25479,11,Yes,80
87,19431,15302,13,No,80
33,1790,26956,19,No,80
94,7644,12695,19,No,80
97,5131,9192,13,No,80
57,6306,26236,21,No,80
36,4787,26124,14,Yes,80
56,18880,17312,11,No,80
72,2339,3666,11,No,80
60,13570,5640,23,No,80
95,6712,8978,21,No,80
88,5406,10436,24,No,80
57,8938,12227,11,No,80
78,2439,11288,14,No,80
31,8837,16642,16,Yes,80
100,5343,5982,11,No,80
94,6728,14255,12,No,80
100,6652,14369,13,No,80
50,4850,23333,15,No,80
52,2809,2725,14,No,80
80,5689,24594,14,Yes,80
98,2001,12549,14,No,80
62,2977,8952,12,No,80
46,4025,23679,13,Yes,80
73,3785,8489,14,No,80
39,10854,16586,13,Yes,80
60,12031,8828,11,No,80
74,9936,3787,19,No,80
30,2966,21378,18,No,80
41,2571,12290,17,No,80
42,9991,21457,15,No,80
87,6142,5174,20,Yes,80
63,5390,13243,14,No,80
82,4404,10228,12,No,80
