HistoryID,NumCompaniesWorked,TotalWorkingYears,YearsAtCompany,YearsInCurrentRole,YearsSinceLastPromotion,TrainingTimesLastYear
1,8,8,6,4,0,0
2,1,10,10,7,1,3
3,6,7,0,0,0,3
4,1,8,8,7,3,3
5,9,6,2,2,2,3
6,0,8,7,7,3,2
7,4,12,1,0,0,3
8,1,1,1,0,0,2
9,0,10,9,7,1,2
10,6,17,7,7,7,3
11,0,6,5,4,0,5
12,0,10,9,5,0,3
13,1,5,5,2,4,1
14,0,3,2,2,1,2
15,5,6,4,2,0,4
16,1,10,10,9,8,1
17,0,7,6,2,0,5
18,1,1,1,0,0,2
19,2,31,25,8,3,3
20,5,6,3,2,1,3
21,0,5,4,2,1,5
22,7,10,5,3,0,4
23,0,13,12,6,2,4
24,1,0,0,0,0,6
25,2,8,4,2,1,2
26,4,26,14,13,4,3
27,1,10,10,2,6,5
28,0,10,9,7,4,2
29,3,24,22,6,5,4
30,3,22,2,2,2,2
31,4,7,1,1,0,3
32,2,9,4,2,1,5
33,1,10,10,0,1,5
34,3,19,1,0,0,6
35,2,6,2,0,2,2
36,1,6,5,3,1,3
37,1,3,3,2,0,2
38,1,2,2,2,2,3
39,9,6,1,1,0,3
40,2,10,5,3,1,3
41,1,1,1,0,0,3
42,1,1,1,0,0,6
43,1,1,1,0,0,2
44,1,9,9,8,1,0
45,1,12,12,8,3,2
46,1,23,22,15,15,0
47,0,10,9,5,8,2
48,4,8,1,0,0,1
49,4,14,9,6,0,4
50,1,1,1,0,0,2
51,9,23,1,0,0,2
52,1,2,2,2,2,3
53,5,9,4,3,1,2
54,2,10,4,0,2,3
55,7,5,2,2,0,2
56,1,15,15,14,8,1
57,1,9,9,8,1,3
58,3,4,2,2,2,3
59,3,10,7,7,1,3
60,1,7,7,5,0,2
61,1,9,9,8,7,3
62,1,10,10,3,9,2
63,5,29,27,3,13,2
64,7,28,21,16,7,3
65,1,17,17,14,12,2
66,2,21,5,0,0,2
67,1,6,6,5,0,3
68,2,25,1,0,0,2
69,4,5,3,2,1,2
70,0,2,1,0,0,0
71,7,20,4,3,1,2
72,0,6,5,4,0,3
73,1,1,1,1,1,4
74,1,10,10,4,0,3
75,3,5,1,0,0,3
76,1,11,11,7,1,2
77,0,16,15,13,2,2
78,4,17,0,0,0,3
79,4,16,5,2,0,3
80,8,16,4,2,0,2
81,1,10,10,8,3,1
82,1,6,6,4,0,3
83,3,24,1,0,1,4
84,7,17,13,11,1,3
85,1,5,5,2,1,2
86,4,37,6,4,0,3
87,3,3,0,0,0,3
88,3,10,4,2,0,4
89,1,11,11,10,10,3
90,1,9,9,8,4,3
91,1,22,22,3,11,3
92,0,11,10,7,1,2
93,1,11,11,8,2,4
94,2,21,10,9,9,5
95,1,12,11,8,5,0
96,9,16,4,3,0,5
97,0,4,3,2,0,2
98,1,5,5,4,0,3
99,0,38,37,10,1,1
100,4,17,3,2,1,3
101,4,7,3,2,0,3
102,1,1,1,0,0,2
103,1,1,1,0,1,5
104,1,16,16,13,2,3
105,5,17,1,0,0,2
106,9,30,3,2,2,3
107,3,28,8,3,0,1
108,1,6,6,4,0,1
109,1,2,2,2,2,2
110,1,1,0,0,0,5
111,3,23,13,12,12,1
112,1,9,9,7,0,3
113,2,23,5,3,4,3
114,0,6,5,3,1,2
115,6,12,1,0,0,3
116,2,12,5,3,1,3
117,2,14,11,10,5,6
118,0,10,9,7,2,6
119,5,7,1,0,0,2
120,1,25,25,12,4,3
121,1,10,10,7,0,2
122,0,8,7,7,0,2
123,9,7,5,4,4,2
124,7,23,20,18,15,5
125,4,12,7,7,7,3
126,1,5,5,4,4,3
127,1,40,40,10,15,3
128,1,0,0,0,0,2
129,0,3,2,1,2,2
130,1,16,15,11,5,2
131,4,18,3,2,1,2
132,4,16,2,2,2,3
133,3,4,2,2,2,2
134,3,12,9,7,0,2
135,1,8,8,7,5,3
136,6,7,3,2,0,0
137,2,18,4,2,0,2
138,4,17,15,11,5,1
139,2,6,2,2,2,3
140,0,12,11,9,4,2
141,7,10,5,4,0,2
142,5,9,6,5,0,2
143,3,19,3,2,2,2
144,1,5,5,4,0,4
145,0,9,8,7,0,2
146,5,8,3,2,2,3
147,0,6,5,3,1,3
148,4,21,7,6,7,2
149,2,7,5,0,1,2
150,1,1,1,0,0,3
151,1,20,20,7,2,2
152,1,10,10,8,0,3
153,2,13,7,7,4,3
154,8,20,17,9,0,2
155,1,9,9,8,3,2
156,1,10,10,7,0,1
157,2,10,1,0,0,2
158,4,9,1,0,0,3
159,7,15,12,11,2,2
160,6,6,4,3,1,3
161,1,2,2,2,2,6
162,6,6,2,2,2,1
163,1,5,5,2,0,2
164,3,12,5,3,1,2
165,1,1,1,1,0,2
166,3,21,5,4,4,5
167,4,13,9,8,1,2
168,2,12,10,9,7,2
169,4,12,8,3,0,2
170,3,8,5,4,1,2
171,0,6,5,2,1,3
172,0,1,0,0,0,5
173,4,13,8,7,7,3
174,1,12,12,9,6,4
175,4,9,5,4,0,3
176,4,19,2,2,2,3
177,0,4,3,1,0,2
178,1,1,1,0,1,3
179,1,24,24,13,15,2
180,1,2,2,2,2,3
181,8,7,4,2,0,0
182,2,9,3,2,1,3
183,1,4,4,3,0,5
184,2,5,3,2,0,2
185,1,5,4,2,1,3
186,1,8,8,7,1,5
187,1,21,20,8,9,2
188,8,36,24,15,2,3
189,1,10,10,9,1,2
190,3,21,7,7,1,6
191,0,34,33,18,11,5
192,1,7,7,7,0,2
193,3,8,1,0,0,1
194,4,7,5,4,2,3
195,9,22,20,8,11,1
196,1,8,8,7,1,3
197,5,10,6,2,1,5
198,2,11,5,3,0,5
199,9,14,1,0,0,3
200,3,9,7,7,1,3
201,5,6,2,2,2,1
202,1,7,7,7,1,0
203,1,5,5,3,2,4
204,8,15,7,2,3,2
205,7,17,1,0,0,2
206,1,10,10,4,1,3
207,1,4,4,2,2,2
208,1,8,8,1,1,2
209,9,5,3,2,0,5
210,7,17,4,2,0,3
211,1,14,14,8,9,2
212,1,12,11,8,5,2
213,1,7,7,7,0,2
214,5,16,10,9,4,5
215,5,8,5,2,0,5
216,3,16,1,0,0,3
217,5,9,6,3,0,5
218,0,7,6,2,1,1
219,6,23,19,7,12,2
220,2,16,6,2,0,4
221,8,16,13,11,3,3
222,6,7,3,2,1,3
223,1,10,10,8,0,1
224,0,17,16,10,5,6
225,0,6,5,4,1,2
226,3,7,1,0,0,6
227,4,13,9,8,5,2
228,1,11,11,10,4,5
229,1,10,10,7,0,3
230,1,4,4,3,0,3
231,7,6,2,2,2,3
232,1,22,22,17,11,3
233,8,7,2,2,2,2
234,3,32,7,0,0,3
235,5,8,5,4,0,2
236,5,22,17,13,1,3
237,7,13,9,7,1,3
238,1,33,33,7,15,2
239,2,6,4,3,1,5
240,0,4,3,2,1,2
241,7,7,3,2,1,1
242,0,4,3,2,2,2
243,2,17,1,0,0,2
244,1,9,9,8,4,3
245,0,25,24,0,1,2
246,9,9,2,2,2,3
247,1,2,2,2,0,2
248,6,13,11,9,5,3
249,2,17,3,1,0,2
250,4,9,3,2,0,1
251,6,17,1,0,0,5
252,0,20,19,6,11,1
253,1,6,6,5,1,1
254,3,10,3,2,0,1
255,2,10,3,2,0,2
256,0,5,4,2,1,3
257,0,10,9,6,7,4
258,0,22,21,7,3,5
259,1,1,1,0,0,0
260,0,6,5,4,1,2
261,1,5,5,1,0,3
262,3,13,8,7,7,0
263,4,9,6,2,0,5
264,3,28,7,7,7,2
265,2,5,0,0,0,5
266,2,10,0,0,0,2
267,0,10,9,0,7,2
268,1,6,6,3,1,2
269,0,21,20,7,4,2
270,0,16,15,13,10,4
271,0,37,36,10,4,2
272,1,10,10,7,9,2
273,1,5,5,2,0,3
274,4,7,5,4,0,5
275,1,3,3,2,1,4
276,2,15,5,2,0,2
277,7,10,7,7,6,6
278,1,8,8,0,7,3
279,1,6,6,5,1,6
280,3,28,10,4,1,4
281,3,21,5,3,1,5
282,1,20,20,16,11,3
283,1,10,10,7,0,3
284,3,12,10,7,0,4
285,1,5,5,3,3,3
286,1,17,17,12,5,3
287,3,19,1,0,0,0
288,9,10,2,2,1,2
289,2,5,3,2,0,2
290,1,5,5,3,0,3
291,9,22,3,2,1,4
292,4,10,8,0,7,2
293,1,2,2,2,2,5
294,1,8,8,7,7,0
295,1,4,4,2,1,3
296,5,23,20,4,4,2
297,1,0,0,0,0,2
298,0,12,11,9,6,3
299,4,4,1,0,0,2
300,5,13,4,1,1,3
301,1,22,22,10,0,2
302,1,0,0,0,0,2
303,0,9,8,3,0,2
304,4,10,8,7,7,3
305,0,19,18,10,3,5
306,7,11,9,8,0,3
307,1,13,13,8,4,3
308,3,19,10,8,0,2
309,2,12,5,3,1,2
310,0,6,5,2,0,4
311,3,9,2,2,1,1
312,1,24,24,9,9,2
313,0,3,2,2,2,2
314,6,12,10,6,8,2
315,1,21,21,9,11,3
316,0,9,8,7,1,5
317,7,25,7,1,0,2
318,2,11,8,2,7,3
319,1,4,4,3,1,2
320,1,13,13,12,11,2
321,1,5,5,4,0,3
322,4,13,7,7,1,3
323,7,10,7,7,0,0
324,5,5,3,2,2,4
325,1,11,10,8,1,2
326,1,10,10,9,8,2
327,1,21,21,9,13,2
328,4,12,1,0,0,3
329,3,9,7,7,0,6
330,4,21,3,2,1,2
331,1,9,9,7,0,3
332,0,6,5,4,1,0
333,3,20,4,3,0,4
334,8,10,1,0,0,1
335,9,12,10,9,9,3
336,2,6,4,3,0,2
337,1,7,7,7,0,4
338,0,4,3,2,2,2
339,1,10,10,9,1,2
340,1,8,8,7,0,3
341,7,8,6,2,0,2
342,0,12,11,10,2,3
343,1,11,11,9,4,2
344,1,7,7,7,1,2
345,0,17,16,6,0,5
346,1,4,4,2,0,2
347,6,8,5,4,1,3
348,3,5,0,0,0,3
349,2,16,1,0,0,2
350,1,4,4,3,0,3
351,0,4,3,2,1,5
352,1,8,8,0,0,4
353,3,15,0,0,0,3
354,4,13,7,7,6,2
355,7,4,2,2,2,2
356,1,8,8,7,7,3
357,3,14,1,0,0,6
358,1,3,3,2,1,3
359,4,7,1,0,0,6
360,4,16,13,9,1,2
361,2,15,3,2,1,2
362,3,10,7,7,1,3
363,1,3,3,2,2,3
364,1,1,1,0,0,2
365,6,17,5,4,0,3
366,2,7,1,0,0,2
367,1,8,8,7,7,5
368,6,20,4,3,1,2
369,2,8,6,4,1,6
370,0,3,2,2,2,5
371,1,1,1,0,0,0
372,9,6,3,2,1,4
373,9,10,1,1,0,5
374,1,5,5,2,0,2
375,1,7,7,5,0,1
376,8,26,5,2,0,2
377,4,18,7,7,0,2
378,4,6,2,2,2,3
379,8,9,5,2,0,3
380,2,30,5,4,1,2
381,1,5,5,2,0,2
382,1,1,1,0,0,3
383,0,7,6,4,0,2
384,1,2,2,1,1,1
385,1,10,10,9,9,2
386,9,3,1,0,0,4
387,1,18,18,7,12,2
388,7,8,5,4,1,5
389,3,8,5,2,1,5
390,2,18,1,0,0,2
391,1,25,25,10,3,3
392,6,20,1,0,0,3
393,4,24,4,2,1,4
394,9,6,3,2,1,3
395,1,13,13,10,3,5
396,7,8,3,2,1,1
397,4,8,5,2,0,3
398,1,5,5,4,1,3
399,3,15,13,11,10,2
400,1,4,4,2,3,3
401,1,21,21,8,1,3
402,9,36,7,7,7,0
403,0,6,5,4,4,6
404,1,10,10,7,0,2
405,1,10,10,0,1,2
406,5,6,2,2,0,5
407,2,28,5,4,0,4
408,3,8,2,2,0,3
409,2,31,5,2,1,2
410,2,19,5,4,0,3
411,2,11,5,4,0,2
412,5,33,29,8,11,5
413,2,19,10,7,0,5
414,0,7,6,5,0,4
415,1,6,5,3,1,4
416,0,3,2,2,1,3
417,1,1,1,0,0,3
418,0,21,20,15,1,2
419,1,3,3,2,0,3
420,4,9,5,3,1,3
421,1,10,10,2,0,2
422,5,6,2,2,1,2
423,1,1,1,0,0,3
424,0,10,9,8,7,3
425,3,32,1,0,0,3
426,0,28,27,10,15,2
427,0,12,11,7,6,2
428,4,22,18,13,13,5
429,5,20,5,0,0,2
430,6,26,3,2,0,2
431,0,6,5,4,4,2
432,7,19,1,0,0,3
433,3,14,7,3,5,3
434,2,15,3,2,1,3
435,1,13,13,8,0,6
436,7,15,7,6,7,2
437,7,8,4,3,1,2
438,0,4,3,2,1,3
439,4,10,8,7,0,2
440,3,12,1,0,0,2
441,9,11,3,2,0,2
442,4,8,2,2,2,4
443,1,10,10,3,9,3
444,5,4,2,2,1,3
445,2,14,9,7,6,2
446,3,37,10,9,7,2
447,7,16,14,3,1,3
448,9,15,11,9,6,2
449,7,22,20,6,5,3
450,1,8,8,3,0,3
451,4,10,6,5,0,2
452,1,10,10,9,5,5
453,0,9,8,7,3,3
454,0,8,7,7,1,2
455,4,8,3,2,1,2
456,4,10,6,1,0,2
457,9,10,5,4,0,3
458,1,0,0,0,0,3
459,3,20,1,0,0,2
460,2,10,8,7,0,3
461,5,8,0,0,0,5
462,1,5,5,4,0,3
463,1,10,10,7,5,3
464,1,1,1,0,0,3
465,4,12,6,5,1,3
466,5,28,2,2,1,3
467,7,22,18,16,11,2
468,1,9,9,5,7,6
469,3,18,10,9,6,3
470,8,6,4,2,1,2
471,0,3,2,2,2,3
472,3,18,1,0,0,4
473,6,8,6,5,4,2
474,1,31,31,9,0,5
475,1,6,6,5,1,3
476,1,6,5,3,1,5
477,1,1,1,0,0,2
478,1,32,32,5,10,2
479,1,7,7,4,0,1
480,1,6,6,3,1,4
481,1,1,1,0,0,2
482,1,6,6,5,1,3
483,2,9,3,1,1,2
484,4,9,3,2,0,3
485,4,13,7,7,5,4
486,0,6,5,3,0,5
487,4,17,3,0,1,3
488,1,1,1,0,0,0
489,1,10,10,2,2,4
490,4,21,1,0,0,3
491,3,8,0,0,0,3
492,3,10,8,7,4,3
493,7,21,3,2,0,3
494,4,10,2,2,0,1
495,1,8,8,2,0,3
496,0,5,4,3,0,3
497,1,3,3,2,1,2
498,4,26,2,2,0,2
499,0,3,2,2,2,3
500,0,6,5,0,1,3
501,1,6,6,4,0,2
502,1,1,1,0,0,2
503,7,18,14,7,8,2
504,1,10,10,9,8,4
505,2,5,1,1,0,4
506,1,3,3,2,0,2
507,1,10,10,7,7,2
508,1,6,6,0,1,5
509,1,17,17,11,11,3
510,3,15,13,11,4,2
511,2,16,9,7,7,1
512,2,13,3,2,0,2
513,0,5,4,2,1,0
514,1,1,1,0,1,5
515,1,10,10,8,9,3
516,1,1,1,0,0,3
517,2,5,3,2,0,3
518,0,4,3,2,1,4
519,0,8,7,7,0,2
520,1,10,10,7,2,5
521,3,12,2,2,2,3
522,1,6,6,5,0,3
523,3,4,1,0,0,2
524,1,20,20,8,3,3
525,1,9,8,7,7,3
526,9,4,2,2,2,3
527,1,20,20,7,11,4
528,1,10,10,7,0,2
529,3,18,4,3,1,4
530,0,10,9,7,1,4
531,1,9,9,7,0,3
532,3,10,7,7,7,6
533,2,20,7,7,1,2
534,5,20,18,13,1,2
535,3,32,5,1,1,3
536,3,23,21,6,12,2
537,8,10,2,2,2,1
538,1,9,9,7,1,4
539,1,22,22,7,2,3
540,7,4,2,2,2,2
541,7,10,7,7,3,4
542,9,10,8,7,0,2
543,4,10,1,0,0,4
544,2,9,5,2,1,5
545,9,28,22,2,11,2
546,7,10,8,7,7,2
547,1,1,1,0,0,6
548,6,7,2,2,2,2
549,3,7,2,2,2,5
550,3,10,5,1,4,2
551,1,5,4,3,0,2
552,9,12,8,3,3,3
553,7,30,10,7,1,1
554,0,5,4,2,2,2
555,8,9,7,6,0,2
556,1,2,2,2,2,2
557,2,19,2,2,2,4
558,2,16,1,0,0,2
559,1,10,10,8,4,2
560,6,6,1,0,0,0
561,3,7,0,0,0,3
562,1,34,34,6,1,3
563,1,10,10,9,7,2
564,1,6,6,5,1,5
565,0,9,8,7,3,3
566,1,2,2,2,0,3
567,4,8,5,4,1,2
568,1,6,6,5,1,5
569,5,24,5,2,1,2
570,1,10,10,7,0,1
571,0,5,4,3,1,3
572,3,5,2,2,2,2
573,4,11,8,7,1,3
574,6,6,4,3,1,2
575,2,10,4,2,1,2
576,9,9,5,3,1,4
577,0,5,4,2,1,3
578,0,6,5,3,4,3
579,6,17,15,7,4,2
580,1,6,6,5,1,3
581,1,3,3,2,0,1
582,3,7,2,2,0,2
583,1,8,8,7,3,2
584,5,6,3,2,1,1
585,1,24,24,7,14,4
586,1,1,0,0,0,2
587,1,1,1,0,0,4
588,8,9,5,2,1,3
589,5,30,4,3,0,3
590,1,1,1,0,0,1
591,0,14,13,9,3,3
592,5,6,3,2,0,3
593,1,26,26,14,3,3
594,0,10,9,7,0,2
595,1,10,10,7,0,3
596,7,40,31,15,13,2
597,3,7,2,2,2,0
598,9,8,4,3,0,4
599,6,5,2,2,2,3
600,4,8,5,2,0,2
601,1,14,14,13,6,3
602,6,10,1,0,0,6
603,5,12,0,0,0,4
604,1,1,1,0,0,3
605,1,10,9,8,7,3
606,2,13,4,3,1,3
607,1,6,5,2,1,3
608,1,9,9,8,7,3
609,4,12,9,7,7,3
610,6,22,4,1,1,3
611,1,9,9,8,0,3
612,3,17,8,5,1,3
613,1,8,8,7,7,2
614,0,4,3,2,0,1
615,1,8,8,7,1,2
616,1,0,0,0,0,6
617,2,29,20,6,4,2
618,9,10,5,2,2,2
619,7,6,4,3,0,3
620,1,9,9,8,0,5
621,1,6,6,5,1,3
622,1,18,18,14,4,1
623,2,8,5,2,0,3
624,9,10,5,4,0,3
625,7,35,5,2,0,3
626,4,18,5,4,0,2
627,5,9,5,3,1,3
628,3,31,9,8,0,3
629,4,9,1,0,0,2
630,1,6,5,1,0,6
631,6,4,2,2,2,2
632,2,10,3,2,0,2
633,5,8,2,1,2,2
634,0,6,5,4,0,3
635,1,5,5,3,0,3
636,1,17,17,14,5,2
637,1,10,10,2,7,3
638,0,4,3,0,0,2
639,1,5,5,2,0,1
640,2,7,4,2,0,2
641,0,6,5,2,3,2
642,1,10,10,8,5,3
643,0,3,2,2,1,3
644,2,17,5,3,1,1
645,3,8,6,4,0,2
646,6,5,3,2,0,3
647,5,28,2,0,2,3
648,3,16,13,10,4,2
649,5,10,5,4,0,3
650,6,33,12,9,3,0
651,4,12,5,2,2,2
652,0,8,7,6,7,2
653,1,10,10,0,0,2
654,1,31,31,6,14,3
655,8,13,5,4,0,2
656,3,7,4,3,0,4
657,1,1,1,0,0,2
658,6,8,4,3,0,5
659,1,8,8,7,7,0
660,1,4,4,2,0,3
661,9,3,1,0,0,3
662,4,4,1,0,0,2
663,1,2,2,2,0,3
664,1,1,1,0,0,3
665,0,17,16,8,4,2
666,1,3,3,2,1,3
667,0,4,3,2,0,3
668,4,10,7,7,1,1
669,5,6,2,2,2,2
670,7,8,2,2,2,2
671,1,1,1,1,0,2
672,1,1,1,0,1,3
673,7,10,5,4,0,6
674,3,6,3,2,0,1
675,2,24,6,0,0,3
676,3,13,7,7,5,2
677,1,10,10,6,0,2
678,4,29,26,9,1,3
679,4,13,0,0,0,2
680,1,9,9,8,0,2
681,2,8,6,2,0,6
682,1,15,15,12,5,3
683,6,5,3,0,0,3
684,1,1,1,0,0,2
685,2,11,1,0,0,2
686,1,7,7,7,0,2
687,2,20,18,13,2,3
688,4,16,11,8,3,6
689,1,1,1,0,0,3
690,1,1,1,0,0,2
691,0,10,9,7,8,2
692,8,3,1,1,0,2
693,1,8,8,7,6,2
694,1,16,16,7,3,6
695,0,6,5,0,1,3
696,5,17,14,1,11,2
697,1,9,9,7,0,5
698,1,3,3,1,0,5
699,1,5,5,2,1,3
700,2,26,9,8,7,2
701,4,7,1,0,0,4
702,6,22,17,13,15,3
703,5,10,8,4,7,2
704,1,6,5,3,1,1
705,6,12,10,9,0,2
706,0,9,8,7,0,3
707,4,22,1,0,0,2
708,1,20,19,10,2,3
709,4,12,7,7,0,3
710,0,4,3,2,1,0
711,1,10,10,8,6,2
712,6,3,0,0,0,5
713,3,5,3,2,0,4
714,3,8,5,3,0,2
715,9,32,5,4,1,1
716,1,6,6,5,1,2
717,2,21,18,16,0,2
718,9,4,2,2,2,2
719,1,9,9,8,0,2
720,1,9,9,0,0,0
721,4,7,5,2,0,2
722,3,22,12,11,1,2
723,0,3,2,1,0,0
724,6,13,8,7,0,3
725,1,5,4,2,3,6
726,1,5,4,2,0,2
727,1,4,4,3,0,1
728,1,0,0,0,0,2
729,8,22,10,7,0,2
730,1,16,16,10,10,3
731,0,9,8,7,1,4
732,1,1,1,0,0,2
733,0,4,3,2,1,3
734,1,8,8,7,1,2
735,1,4,4,3,1,3
736,2,19,2,2,2,0
737,7,27,15,11,4,3
738,6,8,2,2,2,6
739,1,21,21,6,11,3
740,0,4,3,2,2,2
741,1,3,3,2,1,4
742,6,21,1,0,0,3
743,4,8,1,0,0,5
744,3,30,5,3,4,4
745,5,15,1,0,0,2
746,3,17,8,7,6,3
747,1,21,21,16,5,3
748,8,19,1,0,0,1
749,8,7,2,2,2,6
750,1,33,32,14,6,3
751,3,23,12,11,11,2
752,0,19,18,7,0,3
753,1,18,17,13,15,1
754,1,21,21,6,2,2
755,0,3,2,2,2,2
756,3,26,9,3,1,4
757,9,10,8,7,7,2
758,0,16,15,1,0,2
759,3,14,6,4,0,1
760,1,6,6,3,0,3
761,2,30,15,7,6,2
762,7,9,1,0,0,3
763,6,6,3,2,1,2
764,1,1,1,1,0,2
765,1,1,1,0,0,5
766,3,8,2,2,2,2
767,2,29,8,1,7,2
768,3,8,4,3,0,3
769,1,8,7,7,7,3
770,1,5,5,3,1,5
771,9,23,2,2,2,0
772,6,13,9,4,7,4
773,2,18,5,4,0,4
774,0,15,14,8,7,2
775,7,31,9,7,6,3
776,5,18,1,0,0,5
777,1,2,2,2,0,3
778,1,1,1,0,1,6
779,8,19,16,13,1,2
780,9,18,10,0,2,2
781,1,10,10,7,1,2
782,1,6,5,3,1,2
783,0,7,6,2,0,1
784,1,10,10,6,0,3
785,0,20,19,9,1,4
786,4,14,11,10,11,6
787,1,3,3,2,1,4
788,3,23,3,2,1,4
789,3,10,8,7,1,4
790,9,24,20,6,3,1
791,4,9,3,2,1,2
792,0,9,8,7,4,2
793,1,14,13,7,3,4
794,1,4,4,2,2,5
795,0,7,6,2,0,1
796,2,8,1,0,0,5
797,1,7,7,7,5,3
798,1,1,1,1,0,0
799,4,5,2,2,2,0
800,0,23,22,6,13,3
801,1,1,1,0,0,2
802,3,5,0,0,0,4
803,0,4,3,2,0,3
804,3,6,0,0,0,2
805,2,27,5,4,2,3
806,1,15,15,10,4,2
807,7,18,8,6,4,4
808,0,9,8,7,2,2
809,4,11,7,5,1,1
810,0,10,9,7,1,3
811,3,23,12,9,4,3
812,7,10,1,0,0,2
813,8,18,8,7,0,1
814,7,21,18,7,11,4
815,1,21,20,7,4,2
816,1,2,2,2,2,6
817,9,9,5,4,0,2
818,2,18,11,9,0,0
819,0,3,2,2,2,4
820,0,6,5,3,0,2
821,1,5,5,2,0,3
822,6,22,9,8,2,3
823,2,5,3,2,0,3
824,0,8,7,5,1,2
825,4,16,1,0,0,3
826,1,10,10,7,1,2
827,1,7,7,6,5,2
828,1,3,3,1,0,2
829,1,0,0,0,0,0
830,0,6,5,2,0,3
831,3,6,1,0,0,4
832,1,2,2,2,2,5
833,7,9,6,2,1,2
834,1,4,4,2,2,0
835,1,6,6,5,1,3
836,1,6,5,4,1,2
837,1,11,11,8,3,3
838,9,20,18,7,2,3
839,0,22,21,9,13,2
840,7,9,6,4,1,3
841,6,10,8,0,1,2
842,8,6,4,3,1,2
843,1,1,1,1,0,4
844,1,8,8,7,0,2
845,1,10,10,3,1,3
846,3,16,1,1,0,3
847,2,15,7,7,6,2
848,0,14,13,9,4,3
849,1,2,2,2,2,2
850,8,7,4,3,1,2
851,1,1,1,0,0,3
852,4,28,5,2,4,2
853,1,10,10,8,0,5
854,1,1,1,1,0,4
855,4,7,3,2,0,2
856,1,14,14,8,3,2
857,1,2,2,2,1,2
858,1,6,6,4,0,4
859,3,26,7,7,4,6
860,0,6,5,4,1,2
861,0,1,0,0,0,5
862,8,28,26,15,15,2
863,2,6,0,0,0,3
864,1,5,5,4,1,2
865,6,5,1,0,0,2
866,8,8,4,3,0,3
867,5,5,0,0,0,2
868,2,32,2,2,2,3
869,1,6,6,5,3,2
870,5,25,4,2,0,2
871,3,15,7,7,1,2
872,1,1,1,0,0,3
873,1,10,10,7,0,3
874,1,7,7,7,1,4
875,1,10,10,7,8,4
876,1,20,20,11,13,3
877,1,2,2,1,2,2
878,2,12,6,3,1,3
879,7,10,4,3,0,3
880,0,12,11,7,1,3
881,1,2,2,2,2,2
882,4,10,8,7,0,2
883,2,17,7,7,7,2
884,0,15,14,10,4,5
885,7,7,5,1,1,2
886,0,5,4,3,1,4
887,0,12,11,9,5,2
888,3,20,1,0,0,6
889,4,16,13,2,4,6
890,1,9,9,7,6,3
891,7,33,5,4,1,2
892,1,10,10,5,7,5
893,1,1,1,1,0,2
894,1,3,3,2,1,5
895,3,36,10,9,0,2
896,1,6,6,5,0,2
897,1,10,10,9,1,2
898,5,13,6,1,0,2
899,3,25,8,7,0,2
900,2,23,1,0,0,2
901,1,12,11,10,0,2
902,5,7,1,0,0,4
903,1,5,5,3,0,2
904,1,6,6,0,1,2
905,6,25,1,0,0,3
906,3,9,7,7,1,2
907,0,2,1,0,0,5
908,7,26,22,9,3,5
909,0,10,9,8,0,3
910,1,1,1,0,0,2
911,1,1,1,0,0,2
912,1,1,1,0,1,4
913,1,8,8,5,2,2
914,2,26,24,10,1,2
915,1,34,33,9,15,3
916,1,2,2,2,2,2
917,2,26,11,4,0,2
918,0,4,3,2,0,3
919,4,31,29,10,11,5
920,6,25,9,7,5,6
921,4,15,11,8,5,2
922,0,5,4,2,0,2
923,1,26,25,9,14,4
924,4,14,10,9,1,5
925,0,4,3,2,2,3
926,6,18,1,0,0,2
927,3,23,21,7,15,3
928,9,18,16,14,5,2
929,1,10,10,7,0,2
930,1,2,2,2,2,2
931,0,8,7,0,7,6
932,7,10,8,4,1,3
933,3,10,7,7,7,2
934,2,5,3,2,1,2
935,1,2,2,2,2,3
936,1,10,10,7,0,4
937,3,22,0,0,0,4
938,6,21,19,9,15,4
939,1,2,2,2,2,3
940,1,10,10,4,1,3
941,0,6,5,2,0,2
942,0,10,9,2,6,6
943,3,10,7,7,1,0
944,6,10,7,6,5,3
945,0,10,9,8,7,6
946,4,25,3,2,1,2
947,2,9,5,4,1,2
948,9,10,8,7,7,2
949,1,9,9,1,0,2
950,0,9,8,7,1,6
951,1,10,10,8,9,5
952,1,19,19,2,11,4
953,1,3,3,2,2,2
954,4,10,3,2,1,4
955,0,21,20,8,2,3
956,4,23,19,9,9,5
957,6,36,7,3,7,4
958,9,6,4,2,0,0
959,0,10,9,7,1,0
960,1,9,9,8,8,4
961,0,10,9,3,1,2
962,1,9,9,6,1,3
963,1,33,33,9,0,2
964,3,11,7,7,1,3
965,1,10,10,8,9,6
966,3,7,3,2,1,6
967,7,31,10,9,5,0
968,3,7,4,2,0,3
969,2,17,15,7,6,2
970,1,11,10,9,0,2
971,8,5,1,0,0,4
972,3,29,5,2,0,1
973,1,0,0,0,0,5
974,0,10,9,7,0,0
975,3,8,6,2,0,3
976,6,24,19,7,3,2
977,4,33,19,16,15,0
978,1,5,5,4,0,2
979,5,15,12,11,11,0
980,4,10,8,7,7,1
981,7,3,1,0,0,3
982,0,5,4,2,3,0
983,1,4,4,2,0,2
984,1,14,14,11,4,2
985,1,5,5,3,0,0
986,1,10,10,2,6,3
987,3,8,5,4,1,2
988,2,14,4,2,3,5
989,3,12,6,2,3,4
990,7,8,6,4,1,2
991,6,8,5,4,1,2
992,0,4,3,2,1,3
993,3,13,6,4,0,2
994,2,6,3,2,1,3
995,2,24,5,3,0,3
996,1,20,20,7,1,3
997,1,6,6,2,4,3
998,1,8,8,2,7,2
999,0,5,4,3,1,2
1000,0,21,20,7,0,5
1001,9,12,5,4,0,2
1002,4,8,3,2,0,6
1003,2,10,2,2,2,2
1004,4,7,3,2,0,2
1005,0,8,7,7,0,2
1006,1,10,10,9,0,3
1007,3,20,4,3,1,2
1008,0,9,8,7,7,1
1009,6,29,20,7,12,3
1010,3,32,9,8,1,3
1011,2,31,7,7,0,4
1012,3,15,5,4,0,3
1013,1,1,1,0,0,3
1014,7,8,3,2,0,3
1015,3,9,3,2,1,3
1016,5,10,4,3,1,2
1017,1,1,1,0,0,3
1018,0,6,5,0,1,3
1019,1,10,10,4,1,2
1020,4,11,3,2,0,3
1021,7,17,6,5,1,2
1022,3,6,3,2,2,2
1023,0,7,6,5,1,2
1024,2,5,3,2,1,3
1025,3,26,20,17,5,2
1026,1,5,5,4,0,3
1027,4,7,4,3,0,3
1028,5,7,5,4,0,2
1029,2,7,4,2,0,5
1030,3,11,8,7,0,2
1031,1,13,13,7,9,5
1032,4,28,7,7,4,1
1033,2,11,1,0,0,2
1034,1,10,10,8,4,2
1035,2,24,7,7,0,2
1036,9,8,3,2,0,3
1037,6,7,2,2,2,2
1038,4,10,3,1,1,4
1039,4,15,2,2,2,3
1040,1,2,2,2,2,0
1041,2,16,9,8,4,5
1042,0,6,5,4,1,4
1043,3,7,5,2,0,5
1044,4,35,9,8,8,2
1045,2,20,3,2,1,0
1046,2,8,3,1,1,3
1047,1,6,5,2,1,3
1048,0,5,4,3,0,2
1049,3,15,13,9,3,2
1050,8,4,2,1,2,2
1051,1,12,12,9,5,3
1052,7,11,1,0,0,4
1053,1,1,1,0,0,2
1054,0,13,12,9,2,2
1055,3,29,8,7,0,3
1056,7,16,14,8,6,3
1057,3,5,3,2,1,3
1058,5,7,5,3,0,4
1059,0,16,15,9,10,2
1060,1,1,1,0,0,3
1061,2,4,0,0,0,2
1062,1,1,1,0,0,2
1063,5,16,2,2,2,2
1064,1,10,10,7,0,3
1065,0,6,5,3,1,3
1066,0,4,3,2,1,2
1067,8,8,5,4,0,5
1068,3,11,5,4,1,4
1069,7,8,0,0,0,2
1070,1,1,1,0,0,2
1071,0,5,4,2,1,5
1072,4,10,3,2,1,3
1073,0,4,3,2,0,3
1074,1,8,8,6,1,2
1075,2,14,0,0,0,6
1076,2,10,5,2,0,5
1077,3,26,14,9,1,2
1078,6,11,9,7,0,2
1079,3,24,20,6,14,1
1080,4,9,2,0,2,3
1081,8,23,13,12,5,2
1082,1,11,11,8,3,3
1083,0,5,4,3,1,2
1084,3,15,5,4,1,3
1085,1,10,10,9,8,3
1086,1,7,7,2,7,2
1087,1,32,32,6,13,2
1088,0,12,11,10,5,4
1089,4,4,1,0,0,3
1090,1,10,10,8,3,2
1091,3,9,7,7,0,3
1092,1,5,5,3,0,2
1093,4,8,5,4,0,3
1094,2,24,20,8,13,3
1095,0,9,8,4,7,5
1096,1,15,15,14,5,3
1097,1,21,21,7,7,2
1098,0,2,1,1,0,3
1099,3,8,2,2,2,2
1100,1,10,10,8,7,4
1101,0,6,5,3,4,5
1102,3,12,7,1,2,2
1103,3,7,3,2,1,3
1104,8,18,8,7,7,2
1105,6,5,1,0,0,2
1106,2,8,2,2,2,6
1107,1,10,10,8,6,4
1108,3,10,6,3,1,2
1109,1,3,3,0,1,3
1110,3,9,4,2,1,3
1111,1,1,1,0,0,2
1112,0,34,33,7,1,4
1113,4,7,5,2,1,2
1114,4,9,6,5,1,3
1115,8,10,8,2,7,3
1116,1,1,1,0,0,4
1117,1,36,36,6,2,3
1118,9,9,2,2,2,3
1119,1,1,1,0,0,5
1120,0,10,9,8,7,3
1121,2,8,3,2,1,5
1122,6,15,1,0,0,5
1123,1,10,10,9,1,3
1124,3,10,5,2,0,4
1125,2,11,7,6,7,3
1126,1,6,6,4,1,0
1127,4,27,1,0,0,2
1128,2,4,2,2,2,2
1129,3,9,3,2,0,3
1130,8,24,1,0,0,2
1131,1,10,10,9,6,3
1132,1,8,8,2,7,3
1133,1,5,5,4,1,2
1134,5,8,6,4,0,0
1135,1,1,1,0,0,5
1136,1,27,26,0,0,5
1137,1,1,1,1,0,3
1138,1,4,4,2,1,2
1139,2,32,30,8,12,3
1140,3,6,3,2,0,3
1141,0,23,22,7,1,4
1142,1,6,6,4,1,3
1143,1,10,10,7,1,3
1144,1,10,10,7,4,2
1145,7,10,5,2,0,3
1146,9,7,3,2,1,2
1147,1,9,9,7,7,3
1148,1,10,9,6,1,3
1149,2,10,7,7,7,3
1150,1,7,7,7,0,3
1151,1,16,16,15,1,2
1152,0,6,5,3,0,5
1153,1,3,2,2,2,2
1154,1,0,0,0,0,2
1155,3,27,5,2,1,2
1156,0,11,10,8,0,3
1157,1,18,18,15,14,2
1158,1,15,14,11,2,5
1159,3,9,4,3,0,2
1160,0,10,9,2,3,2
1161,1,10,10,7,3,3
1162,3,10,5,4,0,6
1163,9,15,13,12,6,3
1164,1,8,8,4,7,2
1165,6,18,4,2,3,2
1166,4,14,10,7,0,3
1167,2,23,2,2,2,3
1168,6,7,2,2,2,2
1169,1,6,6,3,1,2
1170,7,5,3,2,0,0
1171,2,6,4,2,1,0
1172,3,10,4,2,0,3
1173,9,8,5,2,1,2
1174,4,9,3,2,0,6
1175,1,7,7,7,0,6
1176,4,7,5,4,1,3
1177,3,27,4,2,1,2
1178,5,19,14,11,1,3
1179,1,2,2,2,2,3
1180,1,11,11,8,7,2
1181,2,15,4,3,1,4
1182,2,30,15,11,2,3
1183,0,4,3,2,1,6
1184,6,13,5,4,0,3
1185,3,36,10,8,4,6
1186,1,14,14,10,6,3
1187,3,13,11,9,6,2
1188,7,19,13,11,2,4
1189,1,10,10,0,0,3
1190,1,6,6,2,0,5
1191,0,10,9,5,1,4
1192,1,10,10,0,0,2
1193,4,17,2,2,2,2
1194,1,4,4,3,3,3
1195,6,29,3,2,1,2
1196,4,23,8,7,0,2
1197,3,21,2,0,0,2
1198,1,2,2,2,0,3
1199,1,7,6,5,1,2
1200,6,10,3,2,0,2
1201,4,8,2,2,2,2
1202,1,5,5,4,1,2
1203,7,7,0,0,0,5
1204,3,11,4,3,1,2
1205,2,19,9,7,7,3
1206,1,1,1,0,0,2
1207,1,7,7,7,5,5
1208,5,8,4,2,1,1
1209,1,15,15,10,4,3
1210,3,19,1,0,0,2
1211,1,14,14,11,2,6
1212,1,6,6,3,1,2
1213,1,10,10,9,8,3
1214,1,3,3,2,0,2
1215,1,9,8,7,6,2
1216,0,6,5,4,1,2
1217,1,10,10,9,8,3
1218,1,5,5,3,0,1
1219,1,10,10,8,8,3
1220,9,9,5,3,1,2
1221,3,17,13,7,6,2
1222,3,25,23,15,14,3
1223,1,1,1,0,0,2
1224,7,25,23,5,14,3
1225,1,3,3,2,0,3
1226,1,21,21,6,8,2
1227,6,10,5,2,1,3
1228,1,6,5,2,0,2
1229,6,10,3,2,1,4
1230,2,18,1,0,0,3
1231,1,6,6,2,1,2
1232,6,19,10,7,0,3
1233,2,17,7,7,0,3
1234,1,10,10,0,0,2
1235,7,4,1,0,0,3
1236,4,13,10,6,0,5
1237,5,16,2,2,2,3
1238,6,10,0,0,0,2
1239,1,3,3,2,1,3
1240,2,9,5,4,1,3
1241,1,9,9,8,5,2
1242,3,10,4,3,0,2
1243,1,21,21,8,12,3
1244,4,9,5,0,0,2
1245,0,10,9,7,0,2
1246,0,3,2,2,2,2
1247,6,6,4,2,1,0
1248,1,6,5,2,0,3
1249,1,6,6,2,1,5
1250,1,2,2,2,2,3
1251,8,10,3,2,0,5
1252,2,12,7,7,1,2
1253,0,6,5,0,1,3
1254,8,13,11,7,1,2
1255,3,8,5,1,0,1
1256,2,11,0,0,0,2
1257,4,9,6,1,0,4
1258,2,10,1,0,0,2
1259,1,1,1,0,0,2
1260,3,10,7,0,1,3
1261,2,12,7,7,0,3
1262,3,15,1,0,1,2
1263,9,6,1,0,0,4
1264,8,7,5,3,0,6
1265,8,34,1,0,0,2
1266,5,11,9,8,1,2
1267,1,5,5,3,0,2
1268,1,15,15,14,0,3
1269,4,27,3,2,0,2
1270,0,10,9,7,1,5
1271,5,6,2,2,2,3
1272,1,1,1,0,1,3
1273,1,5,5,4,0,3
1274,1,1,1,0,0,6
1275,1,13,12,7,5,3
1276,2,15,2,2,2,2
1277,1,5,5,2,0,2
1278,7,24,2,1,2,3
1279,7,15,12,8,5,1
1280,1,6,5,3,2,2
1281,2,19,10,0,4,4
1282,1,10,10,7,7,2
1283,6,14,10,8,7,1
1284,1,5,5,3,0,6
1285,7,9,4,3,2,3
1286,8,6,2,2,2,3
1287,4,7,4,3,0,5
1288,5,10,0,0,0,2
1289,2,15,7,7,1,6
1290,5,13,11,10,3,3
1291,4,11,7,1,0,3
1292,1,10,10,3,0,4
1293,2,7,2,1,2,6
1294,4,7,3,2,1,2
1295,3,11,3,2,1,3
1296,0,23,22,14,13,3
1297,9,9,7,7,0,3
1298,0,6,5,1,1,3
1299,4,13,9,7,3,2
1300,4,12,5,3,0,3
1301,1,10,10,8,4,5
1302,4,37,16,9,14,0
1303,0,6,5,4,0,2
1304,8,28,22,11,14,4
1305,2,15,7,4,7,3
1306,4,14,7,1,1,2
1307,2,9,3,2,2,3
1308,1,3,3,2,1,3
1309,2,20,4,2,0,4
1310,1,5,5,3,1,4
1311,2,23,2,2,2,3
1312,1,0,0,0,0,4
1313,0,2,1,0,0,4
1314,4,4,2,2,2,3
1315,4,10,8,7,5,3
1316,4,15,1,0,0,2
1317,1,7,7,7,7,5
1318,0,6,5,4,0,3
1319,1,11,11,8,3,3
1320,8,4,0,0,0,2
1321,3,10,6,3,3,1
1322,4,7,2,2,2,2
1323,3,12,9,8,4,4
1324,1,3,3,2,2,2
1325,8,11,7,0,1,3
1326,4,8,0,0,0,3
1327,7,7,2,2,2,3
1328,2,25,19,17,2,5
1329,1,9,9,8,5,5
1330,1,1,1,0,0,3
1331,7,21,16,12,6,2
1332,4,29,22,10,12,3
1333,1,1,1,0,1,3
1334,5,14,8,7,0,2
1335,0,8,7,6,7,2
1336,8,7,2,2,2,2
1337,8,19,5,2,0,2
1338,1,1,1,0,0,3
1339,1,1,1,0,0,3
1340,1,1,1,0,0,2
1341,1,10,10,9,1,4
1342,1,10,10,8,0,2
1343,2,9,5,3,1,3
1344,3,11,3,2,1,2
1345,5,16,5,3,0,2
1346,0,4,3,2,0,2
1347,0,10,9,8,3,2
1348,1,10,10,1,0,2
1349,2,22,19,7,11,3
1350,1,1,1,0,1,3
1351,0,9,8,7,0,5
1352,3,24,22,17,4,3
1353,2,10,2,0,2,5
1354,1,5,5,2,3,2
1355,1,5,4,2,1,3
1356,2,12,4,2,1,1
1357,5,14,5,4,1,3
1358,9,18,13,7,5,3
1359,2,8,5,2,1,2
1360,3,9,4,2,0,3
1361,8,4,2,2,2,0
1362,0,8,7,7,7,3
1363,4,12,4,2,0,3
1364,1,10,10,4,0,2
1365,1,7,7,7,0,2
1366,1,1,1,0,0,3
1367,6,10,3,2,1,1
1368,1,6,5,3,1,3
1369,1,16,15,10,6,3
1370,3,6,2,0,2,0
1371,8,16,8,7,1,4
1372,4,6,0,0,0,3
1373,1,10,10,0,7,3
1374,1,20,20,11,0,3
1375,4,29,1,0,0,2
1376,3,8,4,1,0,2
1377,2,10,5,2,0,0
1378,3,28,5,4,4,3
1379,3,14,0,0,0,4
1380,1,1,1,0,0,2
1381,0,6,5,3,0,2
1382,1,5,5,3,1,3
1383,1,4,4,2,2,3
1384,1,5,5,4,0,3
1385,1,14,14,8,2,3
1386,1,9,8,7,1,2
1387,0,8,7,7,7,6
1388,0,6,5,3,0,5
1389,5,9,5,1,1,6
1390,1,10,10,8,8,6
1391,5,6,4,1,0,2
1392,4,20,1,0,0,3
1393,1,10,10,8,0,2
1394,1,7,7,7,0,5
1395,8,8,1,0,0,1
1396,1,10,10,7,0,4
1397,6,15,2,2,2,2
1398,3,9,4,3,2,6
1399,1,9,9,7,2,2
1400,1,10,10,9,0,1
1401,0,7,6,2,1,2
1402,4,35,10,9,1,0
1403,1,1,1,0,0,4
1404,0,21,20,8,11,3
1405,1,20,20,9,3,2
1406,4,13,11,7,4,2
1407,6,9,5,2,1,3
1408,1,4,4,3,1,2
1409,1,5,5,2,1,6
1410,1,10,10,9,9,2
1411,3,15,11,8,5,4
1412,4,6,2,0,1,3
1413,1,12,12,8,1,6
1414,6,7,2,2,0,2
1415,2,25,17,14,12,3
1416,1,1,1,1,0,2
1417,0,16,15,13,5,3
1418,0,3,2,2,1,1
1419,2,10,8,3,7,1
1420,6,9,4,3,1,3
1421,3,12,5,3,1,3
1422,0,14,13,8,5,3
1423,7,5,2,2,2,3
1424,0,4,3,2,1,2
1425,1,10,10,7,0,5
1426,0,10,9,7,8,6
1427,1,6,6,2,4,3
1428,8,8,1,0,0,3
1429,0,3,2,2,2,2
1430,7,18,7,7,1,2
1431,3,20,18,16,1,3
1432,1,14,14,10,5,3
1433,1,16,16,11,6,2
1434,0,6,5,3,0,3
1435,2,16,9,8,0,3
1436,6,6,4,3,1,2
1437,1,2,2,2,1,6
1438,2,21,6,0,1,3
1439,1,1,1,0,1,3
1440,0,10,9,7,3,2
1441,7,18,4,2,0,3
1442,1,13,13,12,1,2
1443,9,4,2,2,2,3
1444,5,24,22,6,4,2
1445,8,14,10,9,9,4
1446,0,21,20,7,0,3
1447,1,8,8,7,1,2
1448,1,15,15,12,11,4
1449,2,14,5,4,0,5
1450,1,4,4,2,1,4
1451,1,9,9,0,1,2
1452,1,10,10,7,1,1
1453,7,12,6,3,0,3
1454,4,8,6,3,0,2
1455,8,8,5,3,0,3
1456,2,8,2,2,2,2
1457,1,10,10,2,0,2
1458,2,20,5,3,0,2
1459,1,4,4,3,1,5
1460,4,10,4,3,0,2
1461,1,5,5,4,0,3
1462,4,20,3,2,2,3
1463,0,21,20,9,9,2
1464,0,10,9,4,1,2
1465,0,5,4,2,0,2
1466,4,17,5,2,0,3
1467,4,9,7,7,1,5
1468,1,6,6,2,0,0
1469,2,17,9,6,0,3
1470,2,6,4,3,1,3
